PotID,Pot.ID.QR.Code,stripNo,BinNo,plotType,divLevel,trt,lines1,lines2,lines3,lines4,lines5,lines6,lines7,lines8,lines9,lines10,lines11,lines12,lines13,lines14,lines15,lines16,lines17,lines18,lines19,lines20,GermRating,PlantNum_Initial,CanopyArea,SPAD,SLA_Area,SLA_Wt,FH_Wt,FH_Num,FT.5.29.30.28,FT.6.4.18,FT.6.8.18,FT.6.12.18,FT.6.15.18,FT.6.19.18,FT.6.21.18,FT.6.26.18,FT.6.29.18,FT.7.6.18,FT.7.10.18,Notes_for_FT,Notes_for_SLA_SPAD,FT1001_mean,FT1001_var,PC5dist_mean,Ngenotypes,meanKin,FT1001plast_mean,FT1001plast_var
1,1-A-mono-1-C,A,1,mono,1,C,CS77287,,,,,,,,,,,,,,,,,,,,FewGerm,1,0.10,NA,NA,NA,NA,0,0,0,0,0,0,0,0,0,0,0,0,,"Plants too small, looked like they just germinated",42.125,0,8.792225748,1,7.322603124,-20.25,0
2,2-A-mono-1-C,A,1,mono,1,C,CS76836,,,,,,,,,,,,,,,,,,,,MostGerm,11,3.44,33.3,0.28,NA,NA,0,0,0,0,0,0,0,0,0,0,0,0,"partially, 6/21",Pot partially destroyed,72.875,0,4.274002269,1,7.322603124,-9.75,0
3,3-A-mono-1-C,A,1,mono,1,C,CS76360,,,,,,,,,,,,,,,,,,,,MostGerm,18,7.01,28.8,0.19,NA,0.2331,17,0,0,0,0,0,0,0,0,0,0,0,,,60.875,0,6.67124573,1,7.322603124,-9.75,0
4,4-A-mono-1-C,A,1,mono,1,C,CS76999,,,,,,,,,,,,,,,,,,,,MostGerm,19,2.85,27.3,0.14,NA,0.2389,16,0,0,0,0,0,0,0,0,0,0,0,,,82.25,0,6.971810948,1,7.322603124,-3,0
5,5-A-mono-1-S,A,1,mono,1,S,CS76692,,,,,,,,,,,,,,,,,,,,MostGerm,19,1.79,24.4,0.09,NA,0.1565,17,0,0,0,0,0,0,0,0,0,0,0,,,82.04166667,0,10.87719806,1,7.322603124,-15.41666667,0
6,6-A-mono-1-C,A,1,mono,1,C,CS76689,,,,,,,,,,,,,,,,,,,,MostGerm,19,15.81,26.4,0.11,NA,0.4311,19,0,0,0,0,0,0,0,0,0,0,0,,,68.875,0,7.883719125,1,7.322603124,-1.75,0
7,7-A-mono-1-C,A,1,mono,1,C,CS76836,,,,,,,,,,,,,,,,,,,,MostGerm,10,2.42,24.8,0.19,NA,0.0931,5,0,0,0,0,0,0,0,0,0,0,0,,,72.875,0,4.274002269,1,7.322603124,-9.75,0
8,8-A-pred-2-S,A,1,pred,2,S,CS76999,CS77196,,,,,,,,,,,,,,,,,,,MostGerm,17,0.48,NA,NA,NA,0.0301,8,0,0,0,0,0,0,0,0,0,0,0,,,86.14583333,9.753472222,6.232350178,2,6.642825516,-0.791666667,9.753472222
9,9-A-mono-1-C,A,1,mono,1,C,CS77028,,,,,,,,,,,,,,,,,,,,MostGerm,20,10.48,22.8,0.14,NA,0.0449,2,0,0,0,0,0,0,0,0,0,0,0,"partially, 6/21",Pot partially destroyed,109,0,7.096443569,1,7.322603124,10.5,0
10,10-A-mono-1-S,A,1,mono,1,S,CS77002,,,,,,,,,,,,,,,,,,,,MostGerm,19,1.60,NA,0.04,NA,0.133,15,0,0,0,0,0,0,0,0,0,0,0,,Too small for SPAD,78,0,6.971810948,1,7.322603124,1.5,0
11,11-A-mono-1-S,A,1,mono,1,S,CS78848,,,,,,,,,,,,,,,,,,,,FewGerm,8,0.47,31.5,0.1,NA,0.0451,4,0,0,0,0,0,0,0,0,0,0,0,,,81.25,0,5.905703184,1,7.322603124,-16.5,0
12,12-A-mono-1-C,A,1,mono,1,C,CS77002,,,,,,,,,,,,,,,,,,,,MostGerm,20,5.18,27.6,0.09,NA,0.1086,11,0,0,0,0,0,0,0,0,0,0,0,,,78,0,6.971810948,1,7.322603124,1.5,0
13,13-A-pred-2-C,A,1,pred,2,C,CS76978,CS77179,,,,,,,,,,,,,,,,,,,MostGerm,19,8.51,NA,NA,NA,0.1128,6,0,0,0,1,25,50,50,50,50,50,50,,,62.33333333,62.34722222,4.138328877,2,6.757932482,-12.66666667,62.34722222
14,14-A-mono-1-C,A,1,mono,1,C,CS77028,,,,,,,,,,,,,,,,,,,,MostGerm,17,7.10,30.3,0.1,NA,0.2597,19,0,0,0,0,0,0,0,0,0,0,0,,,109,0,7.096443569,1,7.322603124,10.5,0
15,15-A-mono-1-S,A,1,mono,1,S,CS76650,,,,,,,,,,,,,,,,,,,,MostGerm,17,0.44,NA,0.05,NA,0.0629,11,0,0,0,0,0,0,0,0,0,1,1,,Too small for SPAD,53.75,0,7.110950191,1,7.322603124,-5,0
16,16-A-div-10-S,A,1,div,10,S,CS76770,CS77057,CS76953,CS76572,CS76996,CS76721,CS76649,CS76999,CS76650,CS78848,,,,,,,,,,,MostGerm,16,0.37,NA,NA,NA,0.0461,3,1,0,1,0,1,1,25,25,25,25,25,,,68.98333334,146.8490743,8.13583599,10,6.334161126,-11.78333333,146.8490743
17,17-A-mono-1-C,A,1,mono,1,C,CS76770,,,,,,,,,,,,,,,,,,,,MostGerm,20,13.54,34.8,0.21,NA,0.1122,2,0,0,0,0,1,1,1,25,25,25,25,,,66.125,0,5.256160687,1,7.322603124,-11.75,0
18,18-A-mono-1-C,A,1,mono,1,C,CS76978,,,,,,,,,,,,,,,,,,,,MostGerm,20,16.23,27.3,0.08,NA,0.0864,9,0,0,0,0,0,1,1,1,1,1,1,,,73.79166667,0,3.964834343,1,7.322603124,-7.083333333,0
19,19-A-div-2-C,A,1,div,2,C,CS77057,CS76979,,,,,,,,,,,,,,,,,,,MostGerm,19,5.85,NA,NA,NA,0.0481,2,0,0,0,1,25,50,50,50,50,50,50,,,71.625,136.125,4.6647829,2,6.762461184,-10.5,136.125
20,20-A-mono-1-C,A,1,mono,1,C,CS76886,,,,,,,,,,,,,,,,,,,,MostGerm,19,5.65,35.5,0.17,NA,0.1272,14,0,0,0,0,0,0,0,0,0,0,0,,,92,0,8.630416859,1,7.322603124,-4.666666663,0
21,21-A-mono-1-S,A,1,mono,1,S,CS76692,,,,,,,,,,,,,,,,,,,,MostGerm,18,6.94,30.4,0.13,NA,0.17,8,0,0,0,0,0,0,0,0,0,0,0,,,82.04166667,0,10.87719806,1,7.322603124,-15.41666667,0
22,22-A-div-20-S,A,1,div,20,S,CS76390,CS76770,CS77028,CS76721,CS76473,CS76650,CS77000,CS77020,CS77179,CS76769,CS76691,CS77229,CS76674,CS77004,CS76886,CS77002,CS77126,CS77057,CS76953,CS78778,MostGerm,20,3.50,NA,NA,NA,0.0422,2,0,0,1,1,25,25,25,25,25,25,25,,,72.14583333,130.6985381,7.176886565,20,6.31383056,-8.983333331,130.6985381
23,23-A-mono-1-C,A,1,mono,1,C,CS77033,,,,,,,,,,,,,,,,,,,,MostGerm,20,0.56,NA,0.07,NA,NA,0,0,0,0,0,0,0,0,0,0,0,0,,"1 plant only, too small for SPAD",79,0,5.129418302,1,7.322603124,-15,0
24,24-A-mono-1-C,A,1,mono,1,C,CS77179,,,,,,,,,,,,,,,,,,,,MostGerm,20,1.56,23.8,0.13,NA,0.0778,0,0,0,0,1,1,25,50,75,75,75,75,,,50.875,0,4.311823412,1,7.322603124,-18.25,0
25,25-A-div-2-S,A,2,div,2,S,CS77126,CS76632,,,,,,,,,,,,,,,,,,,MostGerm,16,0.68,NA,NA,NA,0.021,0,0,0,1,1,1,50,50,75,100,100,100,,,56.4375,132.03125,4.984556653,2,6.822559575,-26.375,132.03125
26,26-A-mono-1-S,A,2,mono,1,S,CS76693,,,,,,,,,,,,,,,,,,,,MostGerm,17,2.55,30.7,0.19,NA,0.0054,1,0,0,0,0,0,0,0,0,0,1,1,,,91.25,0,10.87719806,1,7.322603124,-1.5,0
27,27-A-mono-1-S,A,2,mono,1,S,CS76692,,,,,,,,,,,,,,,,,,,,MostGerm,19,2.02,NA,NA,NA,NA,0,0,0,0,0,0,0,0,0,0,0,0,,No plants,82.04166667,0,10.87719806,1,7.322603124,-15.41666667,0
28,28-A-pred-2-C,A,2,pred,2,C,CS76978,CS77197,,,,,,,,,,,,,,,,,,,MostGerm,17,1.83,NA,NA,NA,NA,0,0,0,0,0,0,0,0,0,0,0,0,,,82.625,153.1250001,4.446879886,2,6.72750581,1.666666668,153.1250001
29,29-A-mono-1-C,A,2,mono,1,C,CS76537,,,,,,,,,,,,,,,,,,,,MostGerm,19,1.28,31.4,0.16,NA,0.0191,1,0,0,0,1,1,1,1,1,1,1,1,,,54.125,0,10.54011462,1,7.322603124,-11.25,0
30,30-A-pred-20-S,A,2,pred,20,S,CS76854,CS77057,CS76741,CS76770,CS78778,CS78841,CS76996,CS77287,CS77387,CS76537,CS76632,CS76513,CS77179,CS76774,CS76695,CS77229,CS77001,CS76642,CS76790,CS76572,MostGerm,18,1.52,NA,NA,NA,0.0541,2,0,1,1,25,25,25,50,50,50,50,50,,,58.3875,112.9323099,7.378016334,20,6.34476749,-13.95,112.9323099
31,31-A-mono-1-S,A,2,mono,1,S,CS76739,,,,,,,,,,,,,,,,,,,,MostGerm,20,2.31,23.5,0.08,NA,0.1082,18,0,0,0,0,0,0,0,0,0,0,0,,,81.375,0,4.90198242,1,7.322603124,-9.75,0
32,32-A-mono-1-S,A,2,mono,1,S,CS77023,,,,,,,,,,,,,,,,,,,,MostGerm,15,1.93,30.8,0.12,NA,0.0804,12,0,0,0,0,0,0,0,0,0,0,0,,,95.75,0,7.734496823,1,7.322603124,5,0
33,33-A-mono-1-S,A,2,mono,1,S,CS76998,,,,,,,,,,,,,,,,,,,,MostGerm,18,4.42,24.4,0.12,NA,0.1106,12,0,0,0,0,0,0,0,0,0,0,0,,,75.75,0,6.971810948,1,7.322603124,-3.5,0
34,34-A-pred-20-C,A,2,pred,20,C,CS77057,CS76836,CS76741,CS76998,CS77033,CS76770,CS77190,CS76958,CS76978,CS77020,CS76774,CS77229,CS78848,CS77196,CS77028,CS76409,CS76650,CS76642,CS76706,CS77126,MostGerm,18,5.68,NA,NA,NA,0.2111,10,0,1,1,1,1,1,1,25,25,25,25,,,71.00416667,246.8942984,5.668904523,20,6.251193077,-7.549999998,246.8942984
35,35-A-mono-1-S,A,2,mono,1,S,CS76886,,,,,,,,,,,,,,,,,,,,MostGerm,20,0.58,NA,0.03,NA,0.1071,13,0,0,0,0,0,0,0,0,0,0,0,,Too small for SPAD,92,0,8.630416859,1,7.322603124,-4.666666663,0
36,36-A-div-20-C,A,2,div,20,C,CS76409,CS76632,CS76886,CS76693,CS76674,CS76958,CS77190,CS76741,CS76953,CS76642,CS76441,CS76854,CS76689,CS76650,CS76360,CS76572,CS77387,CS76721,CS76998,CS76994,MostGerm,18,6.12,NA,NA,NA,0.2797,9,1,1,1,1,25,25,25,25,25,25,25,,,72.01875,289.6604352,7.889544356,20,6.291980641,-6.537499997,289.6604352
37,37-A-mono-1-S,A,2,mono,1,S,CS76390,,,,,,,,,,,,,,,,,,,,MostGerm,18,1.33,NA,0.06,NA,0.1115,19,0,0,0,0,0,0,0,0,0,0,0,,Too small for SPAD,79.375,0,6.971810948,1,7.322603124,-8.75,0
38,38-A-mono-1-S,A,2,mono,1,S,CS76706,,,,,,,,,,,,,,,,,,,,MostGerm,20,NA,NA,NA,NA,0.1251,0,1,50,50,100,100,100,100,100,100,100,100,,Too far along in senecsense,55.625,0,4.94417205,1,7.322603124,-20.25,0
39,39-A-mono-1-S,A,2,mono,1,S,CS77020,,,,,,,,,,,,,,,,,,,,MostGerm,18,0.59,NA,NA,NA,0.0284,0,0,25,25,75,75,no flowers,75,75,75,75,75,,Too small for SPAD,52.75,0,5.187052831,1,7.322603124,-25.5,0
40,40-A-mono-1-S,A,2,mono,1,S,CS76642,,,,,,,,,,,,,,,,,,,,FewGerm,0,0.00,NA,NA,NA,NA,0,0,0,0,0,0,0,0,0,0,0,0,,No plants,64,0,6.527442179,1,7.322603124,-0.5,0
41,41-A-mono-1-C,A,2,mono,1,C,CS76642,,,,,,,,,,,,,,,,,,,,FewGerm,0,0.00,NA,NA,NA,NA,0,0,0,0,0,0,0,0,0,0,0,0,,No plants,64,0,6.527442179,1,7.322603124,-0.5,0
42,42-A-div-20-C,A,2,div,20,C,CS77387,CS76979,CS76674,CS77057,CS76390,CS76770,CS77001,CS77179,CS76786,CS76360,CS76953,CS76695,CS78778,CS76958,CS77000,CS76689,CS76649,CS77004,CS76998,CS76774,MostGerm,19,4.53,NA,NA,NA,0.1112,10,1,1,1,1,1,25,25,25,25,25,25,,,68.71041667,91.75458706,7.292267789,20,6.3368013,-8.179166665,91.75458706
43,43-A-mono-1-S,A,2,mono,1,S,CS76774,,,,,,,,,,,,,,,,,,,,MostGerm,17,4.48,23.2,0.13,NA,0.2528,16,0,0,0,0,0,0,0,0,0,1,1,,,67.70833334,0,5.517336841,1,7.322603124,-4.08333333,0
44,44-A-mono-1-C,A,2,mono,1,C,CS78778,,,,,,,,,,,,,,,,,,,,MostGerm,19,NA,NA,NA,NA,0.132,0,1,50,75,75,75,75,75,100,100,100,100,,Too far along in senecsense,59,0,8.532668608,1,7.322603124,-26,0
45,45-A-div-10-S,A,2,div,10,S,CS77004,CS76695,CS76693,CS76572,CS76979,CS77197,CS77196,CS77287,CS77190,CS77179,,,,,,,,,,,MostGerm,18,2.18,NA,NA,NA,0.0819,9,0,0,0,0,0,1,1,1,25,25,25,,,73.51666667,195.7469136,7.82694754,10,6.298965105,-10.58333333,195.7469136
46,46-A-mono-1-S,A,2,mono,1,S,CS77004,,,,,,,,,,,,,,,,,,,,HalfGerm,13,1.07,27.6,0.11,NA,0.1611,10,0,0,0,0,0,0,0,0,0,0,0,,,81.5,0,6.971810948,1,7.322603124,-19.5,0
47,47-A-mono-1-C,A,2,mono,1,C,CS76741,,,,,,,,,,,,,,,,,,,,MostGerm,20,3.39,27.4,0.15,NA,0.1352,13,0,0,0,250,0,0,0,0,0,0,0,,,64,0,6.24819939,1,7.322603124,-2,0
48,48-A-div-20-S,A,2,div,20,S,CS77387,CS76979,CS76674,CS77057,CS76390,CS76770,CS77001,CS77179,CS76786,CS76360,CS76953,CS76695,CS78778,CS76958,CS77000,CS76689,CS76649,CS77004,CS76998,CS76774,MostGerm,20,1.47,NA,NA,NA,0.1514,11,1,1,1,25,25,25,25,25,25,25,25,,,68.71041667,91.75458706,7.292267789,20,6.3368013,-8.179166665,91.75458706
49,49-A-pred-2-C,A,3,pred,2,C,CS76999,CS77196,,,,,,,,,,,,,,,,,,,MostGerm,19,12.69,NA,NA,NA,0.0078,2,0,0,0,0,0,0,0,0,0,0,0,,,86.14583333,9.753472222,6.232350178,2,6.642825516,-0.791666667,9.753472222
50,50-A-mono-1-S,A,3,mono,1,S,CS76360,,,,,,,,,,,,,,,,,,,,MostGerm,19,4.02,27.2,0.13,NA,0.1745,16,0,0,0,0,0,0,0,0,0,0,0,,,60.875,0,6.67124573,1,7.322603124,-9.75,0
51,51-A-mono-1-S,A,3,mono,1,S,CS76953,,,,,,,,,,,,,,,,,,,,MostGerm,19,4.12,27.2,0.12,NA,0.5424,15,0,0,0,0,0,0,0,0,0,0,0,,,106.4583334,0,7.733870673,1,7.322603124,12.4166667,0
52,52-A-div-20-C,A,3,div,20,C,CS78848,CS77287,CS76741,CS77179,CS76674,CS76958,CS76572,CS76360,CS76513,CS77006,CS77197,CS77028,CS78841,CS76691,CS76953,CS76721,CS76473,CS76994,CS77229,CS78778,MostGerm,19,13.39,NA,NA,NA,0.3041,9,1,1,1,25,25,25,25,50,50,50,50,,,71.21041667,178.5382128,7.935641219,20,6.298562317,-10.5125,178.5382128
53,53-A-mono-1-S,A,3,mono,1,S,CS76953,,,,,,,,,,,,,,,,,,,,MostGerm,20,3.20,29.3,0.18,NA,0.317,16,0,0,0,0,0,0,0,0,0,0,0,,,106.4583334,0,7.733870673,1,7.322603124,12.4166667,0
54,54-A-mono-1-C,A,3,mono,1,C,CS77126,,,,,,,,,,,,,,,,,,,,MostGerm,20,16.20,NA,NA,NA,0.342,0,0,1,1,100,100,100,100,100,100,100,100,,Too far along in senecsense,51.625,0,5.256160687,1,7.322603124,-18.25,0
55,55-A-div-2-S,A,3,div,2,S,CS76513,CS77000,,,,,,,,,,,,,,,,,,,MostGerm,20,6.11,NA,NA,NA,0.0707,5,0,0,1,25,50,50,50,50,50,50,50,,,70.25,378.125,6.100594013,2,6.779844502,-14.25,378.125
56,56-A-mono-1-S,A,3,mono,1,S,CS76649,,,,,,,,,,,,,,,,,,,,MostGerm,18,12.13,20.7,0.54,NA,0.3527,0,0,1,1,50,75,75,75,75,100,100,100,,,52,0,13.92728137,1,7.322603124,-22,0
57,57-A-mono-1-C,A,3,mono,1,C,CS76649,,,,,,,,,,,,,,,,,,,,MostGerm,20,17.60,28.2,0.22,NA,0.3958,0,0,0,1,1,50,75,75,75,100,100,100,,,52,0,13.92728137,1,7.322603124,-22,0
58,58-A-mono-1-S,A,3,mono,1,S,CS77196,,,,,,,,,,,,,,,,,,,,MostGerm,20,7.00,31,0.26,NA,NA,0,0,0,0,0,0,0,0,0,0,0,0,,,90.04166667,0,5.492889408,1,7.322603124,1.416666667,0
59,59-A-mono-1-C,A,3,mono,1,C,CS76691,,,,,,,,,,,,,,,,,,,,MostGerm,20,8.83,28.5,0.28,NA,0.0232,2,0,0,0,0,0,0,0,0,0,0,0,,,80.16666667,0,10.89288544,1,7.322603124,5.666666667,0
60,60-A-mono-1-C,A,3,mono,1,C,CS76739,,,,,,,,,,,,,,,,,,,,MostGerm,20,23.91,25.6,0.17,NA,0.0175,2,0,0,0,0,0,0,0,0,0,0,0,,,81.375,0,4.90198242,1,7.322603124,-9.75,0
61,61-A-mono-1-C,A,3,mono,1,C,CS76650,,,,,,,,,,,,,,,,,,,,MostGerm,20,21.43,27.1,0.38,NA,0.4408,5,0,0,0,0,0,0,1,25,50,50,50,,,53.75,0,7.110950191,1,7.322603124,-5,0
62,62-A-div-10-C,A,3,div,10,C,CS76998,CS76769,CS76691,CS76958,CS76774,CS76674,CS76650,CS76692,CS77196,CS76706,,,,,,,,,,,MostGerm,20,17.59,NA,NA,NA,0.0238,0,0,0,1,1,1,1,1,1,1,1,1,,,73.225,55.36450618,6.847080181,10,6.322433308,-5.8,55.36450618
63,63-A-div-2-C,A,3,div,2,C,CS76674,CS76692,,,,,,,,,,,,,,,,,,,MostGerm,20,15.42,NA,NA,NA,0.4061,118,0,0,0,0,0,0,0,0,0,0,0,,,78.95833333,33.34722225,9.567512226,2,6.733720915,-11.33333334,33.34722225
64,64-A-div-20-S,A,3,div,20,S,CS76572,CS76689,CS76650,CS76769,CS76836,CS76642,CS77028,CS76706,CS76953,CS76994,CS76513,CS76692,CS76739,CS76537,CS76409,CS76886,CS76770,CS77179,CS76996,CS77196,MostGerm,18,4.32,NA,NA,NA,0.1908,8,0,1,1,1,25,50,50,50,50,50,50,,,71.55625,291.4290025,7.280891521,20,6.268915195,-7.479166663,291.4290025
65,65-A-mono-1-C,A,3,mono,1,C,CS77006,,,,,,,,,,,,,,,,,,,,MostGerm,19,25.74,40.4,0.54,NA,0.0985,5,0,0,0,0,0,0,0,0,0,0,0,,,73.125,0,6.971810948,1,7.322603124,-5.75,0
66,66-A-mono-1-S,A,3,mono,1,S,CS77001,,,,,,,,,,,,,,,,,,,,MostGerm,20,4.89,32.3,0.18,NA,0.0635,5,0,0,0,0,0,0,0,0,0,0,0,,,60.375,0,6.971810948,1,7.322603124,-0.75,0
67,67-A-mono-1-S,A,3,mono,1,S,CS78841,,,,,,,,,,,,,,,,,,,,MostGerm,20,3.41,NA,0.06,NA,0.1231,3,0,0,0,0,1,25,25,50,75,75,75,,Too small for SPAD,67,0,7.852918209,1,7.322603124,-12,0
68,68-A-mono-1-C,A,3,mono,1,C,CS76632,,,,,,,,,,,,,,,,,,,,MostGerm,19,11.55,NA,NA,NA,0.0879,0,0,0,1,50,75,100,100,100,100,100,100,,"No rosettes, some bract leaves",61.25,0,4.712952619,1,7.322603124,-34.5,0
69,69-A-mono-1-C,A,3,mono,1,C,CS76979,,,,,,,,,,,,,,,,,,,,MostGerm,20,24.65,43.1,0.64,NA,0.718,15,0,0,0,0,0,0,0,0,0,0,0,,,89.375,0,4.010340511,1,7.322603124,-2.25,0
70,70-A-mono-1-S,A,3,mono,1,S,CS76537,,,,,,,,,,,,,,,,,,,,MostGerm,20,4.58,26.3,0.19,NA,0.152,2,0,1,1,50,50,50,75,75,100,100,100,,,54.125,0,10.54011462,1,7.322603124,-11.25,0
71,71-A-mono-1-C,A,3,mono,1,C,CS76994,,,,,,,,,,,,,,,,,,,,MostGerm,20,6.55,NA,0.08,NA,0.1113,0,0,0,1,25,75,75,75,75,100,100,100,,Too small for SPAD,55.5,0,10.54011462,1,7.322603124,-28.5,0
72,72-A-mono-1-S,A,3,mono,1,S,CS76706,,,,,,,,,,,,,,,,,,,,MostGerm,19,0.56,NA,NA,NA,0.1205,0,0,0,0,1,25,75,75,75,75,75,75,,"Lots of culling leaves, rosettes began senecsense",55.625,0,4.94417205,1,7.322603124,-20.25,0
73,73-A-mono-1-S,A,4,mono,1,S,CS76513,,,,,,,,,,,,,,,,,,,,MostGerm,19,5.24,23.2,0.23,NA,0.0646,0,0,0,0,0,1,1,25,50,75,75,75,,,57.5,0,5.229377078,1,7.322603124,-28,0
74,74-A-div-20-S,A,4,div,20,S,CS78848,CS77287,CS76741,CS77179,CS76674,CS76958,CS76572,CS76360,CS76513,CS77006,CS77197,CS77028,CS78841,CS76691,CS76953,CS76721,CS76473,CS76994,CS77229,CS78778,NoGerm,18,2.78,NA,NA,NA,0.006,0,0,0,0,0,1,1,1,1,25,25,25,,,71.21041667,178.5382128,7.935641219,20,6.298562317,-10.5125,178.5382128
75,75-A-mono-1-C,A,4,mono,1,C,CS76689,,,,,,,,,,,,,,,,,,,,MostGerm,19,7.67,30.7,0.21,NA,0.4554,14,0,0,0,0,0,0,0,0,0,0,0,,,68.875,0,7.883719125,1,7.322603124,-1.75,0
76,76-A-pred-10-S,A,4,pred,10,S,CS76854,CS76886,CS77190,CS76958,CS77020,CS77023,CS78848,CS77196,CS76409,CS76786,,,,,,,,,,,MostGerm,13,1.31,NA,NA,NA,0.1592,11,0,0,1,1,1,25,25,25,25,25,25,,,75.64583334,442.0670528,6.83285381,10,6.255490507,-6.074999996,442.0670528
77,77-A-mono-1-S,A,4,mono,1,S,CS76642,,,,,,,,,,,,,,,,,,,,MostGerm,0,0.00,NA,NA,NA,NA,0,0,0,0,0,0,0,0,0,0,0,0,,,64,0,6.527442179,1,7.322603124,-0.5,0
78,78-A-mono-1-S,A,4,mono,1,S,CS76999,,,,,,,,,,,,,,,,,,,,MostGerm,12,1.87,22.9,0.14,NA,0.4201,14,0,0,0,0,0,0,0,0,0,0,0,,No plants,82.25,0,6.971810948,1,7.322603124,-3,0
79,79-A-div-2-S,A,4,div,2,S,CS76674,CS76692,,,,,,,,,,,,,,,,,,,MostGerm,17,3.39,NA,NA,NA,0.1726,15,0,0,0,0,0,0,0,0,0,0,0,,,78.95833333,33.34722225,9.567512226,2,6.733720915,-11.33333334,33.34722225
80,80-A-pred-20-S,A,4,pred,20,S,CS77057,CS76886,CS77033,CS76770,CS77190,CS76649,CS76691,CS76958,CS77020,CS76774,CS77023,CS78848,CS77196,CS77004,CS76409,CS76650,CS76786,CS76642,CS76790,CS77126,MostGerm,15,2.86,NA,NA,NA,0.0645,2,0,1,1,25,25,25,25,50,50,50,50,,,70.47916667,255.3643277,6.929014779,20,6.233972461,-8.283333331,255.3643277
81,81-A-div-2-C,A,4,div,2,C,CS76854,CS77229,,,,,,,,,,,,,,,,,,,MostGerm,20,16.16,NA,NA,NA,0.2124,0,0,0,0,25,50,75,75,75,100,100,100,,,59.875,0.5,6.95604227,2,6.835350939,-15.5,0.5
82,82-A-mono-1-S,A,4,mono,1,S,CS76994,,,,,,,,,,,,,,,,,,,,MostGerm,20,1.42,NA,NA,NA,0.0407,0,0,1,25,50,50,75,75,100,100,100,100,,,55.5,0,10.54011462,1,7.322603124,-28.5,0
83,83-A-mono-1-C,A,4,mono,1,C,CS76996,,,,,,,,,,,,,,,,,,,,MostGerm,19,NA,NA,0.07,NA,0.1377,0,1,50,50,75,75,75,75,100,100,100,100,,Too far along in sencsense,46.125,0,7.226212103,1,7.322603124,-21.25,0
84,84-A-mono-1-S,A,4,mono,1,S,CS77057,,,,,,,,,,,,,,,,,,,,MostGerm,16,1.36,NA,0.12,NA,0.0839,0,0,0,25,1,25,75,100,100,100,100,100,,,53.875,0,5.319225288,1,7.322603124,-18.75,0
85,85-A-mono-1-C,A,4,mono,1,C,CS76674,,,,,,,,,,,,,,,,,,,,MostGerm,19,14.79,31.9,0.26,NA,0.4995,20,0,0,0,0,0,0,0,0,0,0,0,,Too far along in sencsense,75.875,0,8.257826396,1,7.322603124,-7.25,0
86,86-A-mono-1-C,A,4,mono,1,C,CS76741,,,,,,,,,,,,,,,,,,,,MostGerm,20,19.43,NA,0.11,NA,0.3377,20,0,0,0,0,0,0,0,0,0,0,0,,,64,0,6.24819939,1,7.322603124,-2,0
87,87-A-mono-1-C,A,4,mono,1,C,CS77107,,,,,,,,,,,,,,,,,,,,MostGerm,18,4.79,28.2,0.17,NA,0.1919,16,0,0,0,0,0,0,0,0,0,0,0,,Too small for SPAD,61.625,0,7.533433731,1,7.322603124,9.75,0
88,88-A-mono-1-S,A,4,mono,1,S,CS77229,,,,,,,,,,,,,,,,,,,,MostGerm,18,3.09,30,0.12,NA,0.081,0,0,0,0,0,0,1,1,75,75,75,75,,,67.25,0,6.373313532,1,7.322603124,-16,0
89,89-A-mono-1-C,A,4,mono,1,C,CS77000,,,,,,,,,,,,,,,,,,,,HalfGerm,10,5.28,26.5,0.22,NA,0.4197,8,0,0,0,0,0,0,0,0,0,0,0,,,83,0,6.971810948,1,7.322603124,-0.5,0
90,90-A-mono-1-S,A,4,mono,1,S,CS77179,,,,,,,,,,,,,,,,,,,,MostGerm,19,6.77,NA,0.07,NA,0.1333,1,0,0,1,50,75,75,75,75,75,75,75,,,50.875,0,4.311823412,1,7.322603124,-18.25,0
91,91-A-div-2-S,A,4,div,2,S,CS76409,CS76650,,,,,,,,,,,,,,,,,,,MostGerm,14,2.41,NA,NA,NA,0.2107,12,0,0,0,0,0,0,0,0,0,0,0,,,70.95833334,1250.000002,6.773405076,2,6.757999816,20.00000002,1250.000002
92,92-A-pred-20-S,A,4,pred,20,S,CS76854,CS76770,CS78778,CS76649,CS76360,CS76994,CS77107,CS77020,CS76996,CS77387,CS76537,CS76513,CS76695,CS76650,CS76786,CS76642,CS76706,CS76572,CS77126,CS76473,MostGerm,17,3.24,NA,NA,NA,0.2338,6,0,0,1,25,50,75,75,75,75,75,75,,,56.21458333,125.4512244,8.697778995,20,6.331999846,-14.97083333,125.4512244
93,93-A-mono-1-C,A,4,mono,1,C,CS76998,,,,,,,,,,,,,,,,,,,,MostGerm,18,11.16,34,0.19,NA,0.7664,13,0,0,0,0,0,0,0,0,0,0,0,,,75.75,0,6.971810948,1,7.322603124,-3.5,0
94,94-A-div-10-C,A,4,div,10,C,CS77004,CS76695,CS76693,CS76572,CS76979,CS77197,CS77196,CS77287,CS77190,CS77179,,,,,,,,,,,MostGerm,18,10.50,NA,NA,NA,0.1701,4,1,0,1,1,1,1,1,25,25,25,25,,,73.51666667,195.7469136,7.82694754,10,6.298965105,-10.58333333,195.7469136
95,95-A-mono-1-S,A,4,mono,1,S,CS77197,,,,,,,,,,,,,,,,,,,,MostGerm,20,3.14,29.5,0.13,NA,0.3279,19,0,0,0,0,0,0,0,0,0,0,0,,,91.45833334,0,4.928925429,1,7.322603124,10.41666667,0
96,96-A-mono-1-S,A,4,mono,1,S,CS76360,,,,,,,,,,,,,,,,,,,,HalfGerm,15,2.59,23.7,0.12,NA,0.273,15,0,0,0,0,0,0,0,0,0,0,0,,,60.875,0,6.67124573,1,7.322603124,-9.75,0
97,97-A-mono-1-C,A,5,mono,1,C,CS78848,,,,,,,,,,,,,,,,,,,,FewGerm,1,1.33,33.1,0.19,NA,NA,0,0,0,0,0,0,0,0,0,0,0,0,,,81.25,0,5.905703184,1,7.322603124,-16.5,0
98,98-A-mono-1-S,A,5,mono,1,S,CS76689,,,,,,,,,,,,,,,,,,,,MostGerm,17,6.10,28.9,0.16,NA,0.3378,16,0,0,0,0,0,0,0,0,0,0,0,,1 plant,68.875,0,7.883719125,1,7.322603124,-1.75,0
99,99-A-pred-2-C,A,5,pred,2,C,CS76886,CS77028,,,,,,,,,,,,,,,,,,,MostGerm,20,13.27,NA,NA,NA,0.3539,19,0,0,0,0,0,0,0,0,0,0,0,,,100.5,115.0138888,7.863430214,2,6.675411968,2.916666668,115.0138888
100,100-A-mono-1-C,A,5,mono,1,C,CS76978,,,,,,,,,,,,,,,,,,,,MostGerm,20,10.00,33.9,0.13,NA,0.0301,2,0,0,0,0,0,0,0,0,0,0,0,dug up by animal 7-3-18,,73.79166667,0,3.964834343,1,7.322603124,-7.083333333,0
101,101-A-mono-1-C,A,5,mono,1,C,CS76360,,,,,,,,,,,,,,,,,,,,MostGerm,17,8.77,30.8,0.3,NA,0.3604,9,0,0,0,0,0,0,0,0,0,0,0,,,60.875,0,6.67124573,1,7.322603124,-9.75,0
102,102-A-mono-1-S,A,5,mono,1,S,CS76572,,,,,,,,,,,,,,,,,,,,MostGerm,18,3.89,28.4,0.16,NA,0.084,0,0,0,0,1,1,50,50,75,75,75,75,,,67.5,0,16.4954043,1,7.322603124,-28.5,0
103,103-A-mono-1-S,A,5,mono,1,S,CS76770,,,,,,,,,,,,,,,,,,,,MostGerm,20,3.11,28.3,0.11,NA,0.038,3,0,0,1,1,1,25,25,25,25,25,25,,,66.125,0,5.256160687,1,7.322603124,-11.75,0
104,104-A-mono-1-S,A,5,mono,1,S,CS77196,,,,,,,,,,,,,,,,,,,,MostGerm,19,2.15,24.4,0.06,NA,0.1872,13,0,0,0,0,0,0,0,0,0,0,0,,,90.04166667,0,5.492889408,1,7.322603124,1.416666667,0
105,105-A-mono-1-S,A,5,mono,1,S,CS76409,,,,,,,,,,,,,,,,,,,,FewGerm,13,1.83,27.6,0.13,NA,0.2314,12,0,0,0,0,0,0,0,0,0,0,0,,,88.16666668,0,6.435859961,1,7.322603124,45.00000003,0
106,106-A-div-2-S,A,5,div,2,S,CS77057,CS76979,,,,,,,,,,,,,,,,,,,MostGerm,18,2.24,NA,NA,NA,0.095,4,0,0,1,25,25,50,50,50,50,50,50,,,71.625,136.125,4.6647829,2,6.762461184,-10.5,136.125
107,107-A-mono-1-S,A,5,mono,1,S,CS76706,,,,,,,,,,,,,,,,,,,,MostGerm,18,3.59,NA,NA,NA,0.0694,0,0,1,25,75,75,75,75,100,100,100,100,,,55.625,0,4.94417205,1,7.322603124,-20.25,0
108,108-A-pred-2-C,A,5,pred,2,C,CS77287,CS77387,,,,,,,,,,,,,,,,,,,MostGerm,20,NA,NA,NA,NA,0.1864,0,1,50,75,100,100,100,100,100,100,100,100,,,46.5,190.125,8.353470444,2,6.866742727,-10.5,190.125
109,109-A-mono-1-C,A,5,mono,1,C,CS77006,,,,,,,,,,,,,,,,,,,,MostGerm,13,12.54,34.7,0.26,NA,0.1739,6,0,0,0,0,0,0,0,0,0,0,0,,Too far along in sencsense,73.125,0,6.971810948,1,7.322603124,-5.75,0
110,110-A-div-10-S,A,5,div,10,S,CS77387,CS78841,CS77057,CS76692,CS76513,CS77020,CS76632,CS77004,CS77000,CS76695,,,,,,,,,,,MostGerm,17,4.87,NA,NA,NA,0.0388,2,0,1,1,1,25,0,25,25,25,25,25,partially washed out on 6/10/18,,64.94583333,153.5324846,7.135485953,10,6.367769254,-15.35833333,153.5324846
111,111-A-div-10-C,A,5,div,10,C,CS77387,CS78841,CS77057,CS76692,CS76513,CS77020,CS76632,CS77004,CS77000,CS76695,,,,,,,,,,,MostGerm,20,12.33,NA,NA,NA,0.1408,2,0,1,25,50,50,75,75,75,75,75,75,dug up by animal 7-3-18,,64.94583333,153.5324846,7.135485953,10,6.367769254,-15.35833333,153.5324846
112,112-A-mono-1-S,A,5,mono,1,S,CS77006,,,,,,,,,,,,,,,,,,,,MostGerm,17,5.17,30.4,0.13,NA,0.1928,18,0,0,0,0,0,0,0,0,0,0,0,,,73.125,0,6.971810948,1,7.322603124,-5.75,0
113,113-A-mono-1-S,A,5,mono,1,S,CS76674,,,,,,,,,,,,,,,,,,,,MostGerm,13,10.13,30.8,0.2,NA,0.1259,4,0,0,0,0,0,0,0,0,0,0,0,,,75.875,0,8.257826396,1,7.322603124,-7.25,0
114,114-A-mono-1-S,A,5,mono,1,S,CS76513,,,,,,,,,,,,,,,,,,,,MostGerm,13,6.76,21.4,0.12,NA,0.1232,0,0,0,0,1,25,75,100,100,100,100,100,,,57.5,0,5.229377078,1,7.322603124,-28,0
115,115-A-mono-1-S,A,5,mono,1,S,CS77387,,,,,,,,,,,,,,,,,,,,MostGerm,19,NA,NA,NA,NA,0.0626,0,1,25,50,75,75,75,75,100,100,100,100,,,50.875,0,7.91471514,1,7.322603124,-0.75,0
116,116-A-mono-1-C,A,5,mono,1,C,CS77287,,,,,,,,,,,,,,,,,,,,FewGerm,12,6.95,NA,NA,NA,0.1099,0,1,1,50,75,75,100,100,100,100,100,100,,Too far along in sencsense,42.125,0,8.792225748,1,7.322603124,-20.25,0
117,117-A-pred-20-S,A,5,pred,20,S,CS77057,CS76836,CS76979,CS76739,CS76958,CS76978,CS77020,CS76996,CS77197,CS76632,CS76513,CS77179,CS77023,CS76999,CS77196,CS76409,CS76953,CS76706,CS76790,CS77126,MostGerm,16,7.50,NA,NA,NA,0.505,6,0,0,0,1,1,25,50,75,75,75,75,,,71.95833334,313.8165207,5.440695053,20,6.287499899,-7.916666663,313.8165207
118,118-A-div-10-C,A,5,div,10,C,CS77229,CS76692,CS77020,CS76741,CS77387,CS76691,CS77000,CS76693,CS76958,CS76689,,,,,,,,,,,MostGerm,17,16.27,NA,NA,NA,0.1289,4,0,1,1,1,25,25,25,25,25,25,25,"no tag, partially, 6/20",,72.23333333,90.7580247,7.752214815,10,6.406301844,-6.3,90.7580247
119,119-A-mono-1-C,A,5,mono,1,C,CS76441,,,,,,,,,,,,,,,,,,,,MostGerm,13,15.60,31.1,0.31,NA,0.1313,7,0,0,0,0,0,0,0,0,0,0,0,,Too far along in sencsense,77.75,0,11.46153396,1,7.322603124,-7.5,0
120,120-A-mono-1-S,A,5,mono,1,S,CS77190,,,,,,,,,,,,,,,,,,,,MostGerm,18,8.44,30.2,0.17,NA,NA,0,0,0,0,0,0,0,0,0,0,0,0,"fully, 6/20",,71.375,0,6.071059173,1,7.322603124,-28.75,0
121,121-B-mono-1-S,B,1,mono,1,S,CS76739,,,,,,,,,,,,,,,,,,,,MostGerm,17,4.14,30.1,0.11,NA,3.00E-04,1,0,0,0,0,0,0,0,0,0,0,0,,Pot fully destroyed,81.375,0,4.90198242,1,7.322603124,-9.75,0
122,122-B-mono-1-C,B,1,mono,1,C,CS76770,,,,,,,,,,,,,,,,,,,,MostGerm,18,4.69,23.4,0.24,NA,0.1637,8,0,0,0,0,0,0,0,25,50,50,50,,,66.125,0,5.256160687,1,7.322603124,-11.75,0
123,123-B-mono-1-S,B,1,mono,1,S,CS77196,,,,,,,,,,,,,,,,,,,,MostGerm,18,1.97,29.3,0.08,NA,0.1032,12,0,0,0,0,0,0,0,0,0,0,0,,,90.04166667,0,5.492889408,1,7.322603124,1.416666667,0
124,124-B-pred-10-S,B,1,pred,10,S,CS76649,CS76994,CS77020,CS77387,CS76537,CS76513,CS77179,CS76650,CS76790,CS77126,,,,,,,,,,,MostGerm,18,2.78,NA,NA,NA,0.0869,5,0,1,25,1,25,50,50,75,75,75,75,,,53.4875,92.61180556,7.589944651,10,6.38191378,-16.825,92.61180556
125,125-B-mono-1-S,B,1,mono,1,S,CS77190,,,,,,,,,,,,,,,,,,,,MostGerm,18,1.56,NA,0.04,NA,0.0254,3,0,0,0,0,0,0,0,0,0,1,1,,,71.375,0,6.071059173,1,7.322603124,-28.75,0
126,126-B-mono-1-S,B,1,mono,1,S,CS76854,,,,,,,,,,,,,,,,,,,,MostGerm,20,0.34,NA,NA,NA,NA,0,0,0,0,0,1,0,0,0,0,0,0,partially washed out on 6/10/18,Too small for SPAD,52.5,0,7.538771008,1,7.322603124,-15,0
127,127-B-div-20-C,B,1,div,20,C,CS76572,CS76999,CS76998,CS77004,CS76979,CS76441,CS77028,CS76409,CS76649,CS77287,CS76774,CS76674,CS77387,CS76513,CS76632,CS76693,CS76739,CS77000,CS76741,CS77126,MostGerm,20,7.73,NA,NA,NA,0.2662,10,0,1,1,25,25,50,50,50,50,50,50,,,72.49375,291.6538562,7.751104092,20,6.315754601,-7.879166665,291.6538562
128,128-B-mono-1-C,B,1,mono,1,C,CS77057,,,,,,,,,,,,,,,,,,,,MostGerm,20,6.13,21.3,0.07,NA,0.1305,0,0,1,75,75,75,100,100,100,100,100,100,,Plants washed away by rain,53.875,0,5.319225288,1,7.322603124,-18.75,0
129,129-B-mono-1-S,B,1,mono,1,S,CS78778,,,,,,,,,,,,,,,,,,,,MostGerm,19,3.63,NA,NA,NA,0.0115,10,0,1,75,50,50,75,75,100,100,100,100,,,59,0,8.532668608,1,7.322603124,-26,0
130,130-B-mono-1-C,B,1,mono,1,C,CS77179,,,,,,,,,,,,,,,,,,,,MostGerm,20,10.26,24.2,0.22,NA,0.1085,7,0,1,50,75,75,100,100,100,1000,100,100,,"Plants washed away by rain, rosettes somewhat senecsed",50.875,0,4.311823412,1,7.322603124,-18.25,0
131,131-B-mono-1-S,B,1,mono,1,S,CS77004,,,,,,,,,,,,,,,,,,,,MostGerm,17,0.83,NA,0.06,NA,0.113,10,0,0,0,0,0,0,0,0,0,0,0,,,81.5,0,6.971810948,1,7.322603124,-19.5,0
132,132-B-mono-1-S,B,1,mono,1,S,CS76721,,,,,,,,,,,,,,,,,,,,MostGerm,16,2.40,28.1,0.15,NA,0.1216,12,0,0,0,0,0,0,0,0,0,0,0,,Too small for SPAD,80.5,0,5.411741158,1,7.322603124,-3.5,0
133,133-B-pred-10-S,B,1,pred,10,S,CS77057,CS77190,CS77000,CS76979,CS76978,CS77020,CS77197,CS78848,CS77196,CS77126,,,,,,,,,,,MostGerm,18,4.82,NA,NA,NA,0.0458,4,0,1,25,25,25,50,50,50,75,75,75,,,73.85416667,164.5979167,5.31080018,10,6.269276451,-10.575,164.5979167
134,134-B-mono-1-C,B,1,mono,1,C,CS78841,,,,,,,,,,,,,,,,,,,,MostGerm,20,2.72,NA,NA,NA,0.0233,5,0,0,0,0,0,1,25,75,100,100,100,,,67,0,7.852918209,1,7.322603124,-12,0
135,135-B-mono-1-S,B,1,mono,1,S,CS76390,,,,,,,,,,,,,,,,,,,,MostGerm,17,3.08,NA,0.06,NA,0.2991,16,0,0,0,0,0,0,0,0,0,0,0,,"Too small for SPAD, leaves are very purple",79.375,0,6.971810948,1,7.322603124,-8.75,0
136,136-B-mono-1-C,B,1,mono,1,C,CS77033,,,,,,,,,,,,,,,,,,,,MostGerm,20,7.01,29.1,0.11,NA,0.3506,17,0,0,0,0,0,0,0,0,0,1,1,,Too small for SPAD,79,0,5.129418302,1,7.322603124,-15,0
137,137-B-div-20-S,B,1,div,20,S,CS77001,CS76979,CS76360,CS76649,CS76441,CS77387,CS77002,CS77033,CS76774,CS77126,CS76537,CS76958,CS77000,CS77006,CS77229,CS76741,CS76691,CS76632,CS76692,CS76978,MostGerm,16,0.64,NA,NA,NA,NA,0,0,0,0,0,0,0,0,0,0,0,0,,,69.42291667,90.28982091,7.284041498,20,6.341161933,-8.545833333,90.28982091
138,138-B-mono-1-C,B,1,mono,1,C,CS77004,,,,,,,,,,,,,,,,,,,,MostGerm,20,1.53,NA,0.07,NA,0.0315,3,0,0,0,0,0,0,0,0,0,0,0,washed out on 6/10/18,,81.5,0,6.971810948,1,7.322603124,-19.5,0
139,139-B-div-10-S,B,1,div,10,S,CS76998,CS76769,CS76691,CS76958,CS76774,CS76674,CS76650,CS76692,CS77196,CS76706,,,,,,,,,,,MostGerm,19,1.36,NA,NA,NA,0.1993,12,0,0,0,1,1,1,1,1,1,1,1,,,73.225,55.36450618,6.847080181,10,6.322433308,-5.8,55.36450618
140,140-B-pred-20-C,B,1,pred,20,C,CS76836,CS76441,CS76689,CS77190,CS77000,CS76979,CS76739,CS76390,CS76769,CS76958,CS76978,CS77197,CS77023,CS76999,CS77006,CS76693,CS77004,CS76409,CS76953,CS76692,MostGerm,18,4.89,NA,NA,NA,0.1432,15,0,0,0,0,0,0,0,0,0,0,0,,,82.05416667,213.7423979,6.720990401,20,6.338725341,-2.899999997,213.7423979
141,141-B-mono-1-S,B,1,mono,1,S,CS77107,,,,,,,,,,,,,,,,,,,,MostGerm,18,2.90,28.7,0.09,NA,0.0904,13,0,0,0,0,0,0,0,0,0,0,0,,Too small for SPAD,61.625,0,7.533433731,1,7.322603124,9.75,0
142,142-B-mono-1-S,B,1,mono,1,S,CS76650,,,,,,,,,,,,,,,,,,,,MostGerm,13,1.52,NA,0.08,NA,0.0926,20,0,0,0,0,0,0,0,0,0,0,0,,,53.75,0,7.110950191,1,7.322603124,-5,0
143,143-B-mono-1-C,B,1,mono,1,C,CS78841,,,,,,,,,,,,,,,,,,,,MostGerm,19,1.62,23.2,0.09,NA,0.0314,3,0,0,0,0,0,0,0,0,1,50,50,,,67,0,7.852918209,1,7.322603124,-12,0
144,144-B-mono-1-S,B,1,mono,1,S,CS76390,,,,,,,,,,,,,,,,,,,,MostGerm,10,2.14,22.3,0.1,NA,0.1125,11,0,0,0,0,0,0,0,0,0,0,0,,,79.375,0,6.971810948,1,7.322603124,-8.75,0
145,145-B-mono-1-C,B,2,mono,1,C,CS76409,,,,,,,,,,,,,,,,,,,,MostGerm,15,0.66,21.2,0.07,NA,0.0056,1,0,0,0,0,0,0,0,0,0,0,0,,,88.16666668,0,6.435859961,1,7.322603124,45.00000003,0
146,146-B-mono-1-C,B,2,mono,1,C,CS76642,,,,,,,,,,,,,,,,,,,,FewGerm,10,1.15,NA,0.05,NA,0.025,1,0,1,25,1,1,50,50,50,75,75,75,,,64,0,6.527442179,1,7.322603124,-0.5,0
147,147-B-mono-1-C,B,2,mono,1,C,CS76441,,,,,,,,,,,,,,,,,,,,FewGerm,16,0.45,NA,0.11,NA,0.0329,12,0,0,0,0,0,0,0,0,0,0,0,,Too small for SPAD,77.75,0,11.46153396,1,7.322603124,-7.5,0
148,148-B-mono-1-S,B,2,mono,1,S,CS76786,,,,,,,,,,,,,,,,,,,,MostGerm,20,1.10,NA,NA,NA,0.0408,0,0,1,50,75,75,100,100,100,100,100,100,,Too small for SPAD,50.5,0,11.03623322,1,7.322603124,-16.5,0
149,149-B-pred-20-C,B,2,pred,20,C,CS76886,CS76689,CS76998,CS77033,CS76721,CS77000,CS76979,CS76390,CS76769,CS76691,CS76958,CS76978,CS77197,CS77002,CS76693,CS78848,CS77196,CS77028,CS76409,CS76674,MostGerm,19,1.57,NA,NA,NA,0.0049,2,0,0,0,0,0,0,0,0,0,0,0,,,82.90833333,160.9067253,6.560558901,20,6.276323821,-0.366666665,160.9067253
150,150-B-div-10-S,B,2,div,10,S,CS76790,CS77020,CS76649,CS77006,CS76390,CS76999,CS76689,CS76978,CS77023,CS76360,,,,,,,,,,,MostGerm,18,0.11,NA,NA,NA,0.0026,4,0,0,1,0,0,0,0,1,1,1,1,,,69.46666667,82.63240741,7.216591963,10,6.408528753,-8.933333333,82.63240741
151,151-B-mono-1-S,B,2,mono,1,S,CS76649,,,,,,,,,,,,,,,,,,,,MostGerm,19,2.46,25.7,0.1,NA,0.0616,13,0,1,1,1,1,25,25,75,75,75,75,,Too far along in senecsense,52,0,13.92728137,1,7.322603124,-22,0
152,152-B-pred-20-S,B,2,pred,20,S,CS76886,CS76689,CS76998,CS77033,CS76721,CS77000,CS76979,CS76390,CS76769,CS76691,CS76958,CS76978,CS77197,CS77002,CS76693,CS78848,CS77196,CS77028,CS76409,CS76674,MostGerm,20,4.08,NA,NA,NA,0.1272,18,0,0,0,0,0,0,0,0,0,0,0,,,82.90833333,160.9067253,6.560558901,20,6.276323821,-0.366666665,160.9067253
153,153-B-pred-20-C,B,2,pred,20,C,CS77057,CS76836,CS76886,CS77033,CS77190,CS76360,CS77000,CS77020,CS76537,CS76513,CS77023,CS76693,CS78848,CS77196,CS77028,CS76409,CS76650,CS76786,CS76642,CS77126,MostGerm,17,1.53,NA,NA,NA,0.0448,7,0,0,1,1,1,1,1,25,25,25,25,,,72.63541667,270.7635053,6.874855019,20,6.236870239,-7.412499998,270.7635053
154,154-B-div-20-C,B,2,div,20,C,CS76572,CS76689,CS76650,CS76769,CS76836,CS76642,CS77028,CS76706,CS76953,CS76994,CS76513,CS76692,CS76739,CS76537,CS76409,CS76886,CS76770,CS77179,CS76996,CS77196,MostGerm,18,1.14,NA,NA,NA,0.0257,6,0,1,1,1,1,50,50,25,25,25,25,,,71.55625,291.4290025,7.280891521,20,6.268915195,-7.479166663,291.4290025
155,155-B-mono-1-S,B,2,mono,1,S,CS77028,,,,,,,,,,,,,,,,,,,,MostGerm,20,5.25,26,0.14,NA,0.3581,17,0,0,0,0,0,0,0,0,0,0,0,,,109,0,7.096443569,1,7.322603124,10.5,0
156,156-B-mono-1-C,B,2,mono,1,C,CS77197,,,,,,,,,,,,,,,,,,,,MostGerm,20,1.98,35.3,0.07,NA,0.2382,18,0,0,0,0,0,0,0,0,0,0,0,,,91.45833334,0,4.928925429,1,7.322603124,10.41666667,0
157,157-B-div-2-C,B,2,div,2,C,CS76513,CS77000,,,,,,,,,,,,,,,,,,,MostGerm,20,0.92,NA,NA,NA,0.0507,11,0,0,0,1,50,50,50,75,75,75,75,,,70.25,378.125,6.100594013,2,6.779844502,-14.25,378.125
158,158-B-mono-1-S,B,2,mono,1,S,CS76958,,,,,,,,,,,,,,,,,,,,MostGerm,19,3.12,27.4,0.12,NA,0.0501,0,0,0,0,0,0,0,0,0,0,0,0,,,82.125,0,4.296055631,1,7.322603124,-5.25,0
159,159-B-mono-1-C,B,2,mono,1,C,CS76706,,,,,,,,,,,,,,,,,,,,MostGerm,20,1.86,NA,NA,NA,0.0444,0,0,1,50,75,100,100,100,100,100,100,100,,,55.625,0,4.94417205,1,7.322603124,-20.25,0
160,160-B-mono-1-S,B,2,mono,1,S,CS76790,,,,,,,,,,,,,,,,,,,,MostGerm,20,1.88,22.8,0.08,NA,0.0326,0,0,25,75,75,100,100,100,100,100,100,100,,"Too far along in sencsense, very purple leaves",55.875,0,5.881856565,1,7.322603124,-10.75,0
161,161-B-mono-1-C,B,2,mono,1,C,CS76790,,,,,,,,,,,,,,,,,,,,MostGerm,20,0.50,NA,0.06,NA,0.0232,0,0,0,25,50,75,75,100,100,100,100,100,,,55.875,0,5.881856565,1,7.322603124,-10.75,0
162,162-B-mono-1-S,B,2,mono,1,S,CS76994,,,,,,,,,,,,,,,,,,,,MostGerm,20,0.40,NA,0.04,NA,0.0472,0,0,1,25,25,50,75,75,75,100,100,100,,Too small for SPAD,55.5,0,10.54011462,1,7.322603124,-28.5,0
163,163-B-mono-1-S,B,2,mono,1,S,CS76886,,,,,,,,,,,,,,,,,,,,MostGerm,20,0.78,NA,0.05,NA,0.1592,0,0,0,0,0,0,0,0,0,0,0,0,,Too small for SPAD,92,0,8.630416859,1,7.322603124,-4.666666663,0
164,164-B-mono-1-S,B,2,mono,1,S,CS76691,,,,,,,,,,,,,,,,,,,,MostGerm,20,2.38,25.2,0.15,NA,0.3492,12,0,0,0,0,0,0,0,0,0,0,0,,Too small for SPAD,80.16666667,0,10.89288544,1,7.322603124,5.666666667,0
165,165-B-mono-1-C,B,2,mono,1,C,CS77196,,,,,,,,,,,,,,,,,,,,MostGerm,20,1.49,23.2,0.09,NA,NA,0,0,0,0,0,0,0,0,0,0,0,0,,,90.04166667,0,5.492889408,1,7.322603124,1.416666667,0
166,166-B-pred-10-C,B,2,pred,10,C,CS77057,CS76979,CS76958,CS76978,CS77020,CS77197,CS77179,CS77196,CS76706,CS77126,,,,,,,,,,,MostGerm,20,NA,NA,NA,NA,NA,0,0,0,1,25,25,0,0,0,0,0,0,washed out on 6/10/18,,69.15416667,132.7673611,4.771147959,10,6.330838024,-10.375,132.7673611
167,167-B-div-10-S,B,2,div,10,S,CS77001,CS77197,CS77387,CS76706,CS76513,CS76473,CS76774,CS77287,CS76994,CS76958,,,,,,,,,,,MostGerm,18,3.21,NA,NA,NA,0.0838,3,0,0,1,25,25,50,50,75,0,1,1,,,61.59166667,180.3595679,7.530500482,10,6.363289359,-11.91666667,180.3595679
168,168-B-mono-1-C,B,2,mono,1,C,CS76953,,,,,,,,,,,,,,,,,,,,MostGerm,20,4.40,32.4,0.24,NA,0.3589,17,0,0,0,0,0,0,0,0,0,0,0,,,106.4583334,0,7.733870673,1,7.322603124,12.4166667,0
169,169-B-mono-1-S,B,3,mono,1,S,CS76695,,,,,,,,,,,,,,,,,,,,MostGerm,19,9.85,30.7,0.39,NA,0.0174,0,0,0,0,0,0,0,0,1,25,25,25,,,59.66666667,0,10.31779842,1,7.322603124,1.33333333,0
170,170-B-div-2-S,B,3,div,2,S,CS76854,CS77229,,,,,,,,,,,,,,,,,,,MostGerm,16,1.18,NA,NA,NA,0.0904,0,0,0,0,1,1,1,25,50,75,75,75,,,59.875,0.5,6.95604227,2,6.835350939,-15.5,0.5
171,171-B-pred-20-C,B,3,pred,20,C,CS76854,CS76770,CS78778,CS76649,CS76360,CS76994,CS77107,CS77020,CS76996,CS77387,CS76537,CS76513,CS76695,CS76650,CS76786,CS76642,CS76706,CS76572,CS77126,CS76473,MostGerm,19,23.02,NA,NA,NA,1.1545,2,0,25,25,50,75,100,100,100,100,100,100,,,56.21458333,125.4512244,8.697778995,20,6.331999846,-14.97083333,125.4512244
172,172-B-pred-20-C,B,3,pred,20,C,CS76854,CS77057,CS76741,CS76770,CS78778,CS78841,CS76996,CS77287,CS77387,CS76537,CS76632,CS76513,CS77179,CS76774,CS76695,CS77229,CS77001,CS76642,CS76790,CS76572,MostGerm,18,24.77,NA,NA,NA,0.8487,0,0,1,25,50,50,100,100,100,100,100,100,,,58.3875,112.9323099,7.378016334,20,6.34476749,-13.95,112.9323099
173,173-B-mono-1-C,B,3,mono,1,C,CS78841,,,,,,,,,,,,,,,,,,,,MostGerm,19,21.05,31.6,0.34,NA,0.6345,0,0,0,0,0,1,50,75,100,100,100,100,,,67,0,7.852918209,1,7.322603124,-12,0
174,174-B-mono-1-C,B,3,mono,1,C,CS77000,,,,,,,,,,,,,,,,,,,,MostGerm,17,10.78,38.1,0.58,NA,NA,0,0,0,0,0,0,0,0,0,0,0,0,,,83,0,6.971810948,1,7.322603124,-0.5,0
175,175-B-mono-1-S,B,3,mono,1,S,CS76770,,,,,,,,,,,,,,,,,,,,MostGerm,17,15.12,36.3,0.37,NA,0.3258,2,0,0,0,1,1,25,50,75,75,75,75,,,66.125,0,5.256160687,1,7.322603124,-11.75,0
176,176-B-mono-1-S,B,3,mono,1,S,CS76774,,,,,,,,,,,,,,,,,,,,MostGerm,18,15.56,29.4,0.61,NA,0.0822,4,0,0,0,0,0,0,0,1,25,25,25,,,67.70833334,0,5.517336841,1,7.322603124,-4.08333333,0
177,177-B-pred-10-S,B,3,pred,10,S,CS77000,CS76739,CS76691,CS77023,CS76999,CS76693,CS77028,CS76409,CS76953,CS76692,,,,,,,,,,,MostGerm,17,6.89,NA,NA,NA,0.4102,6,0,0,0,0,0,0,0,0,0,0,0,,,89.94583334,272.9281639,8.049355689,10,6.420481261,4.841666673,272.9281639
178,178-B-mono-1-C,B,3,mono,1,C,CS76958,,,,,,,,,,,,,,,,,,,,MostGerm,14,5.82,29.3,0.36,NA,NA,0,0,0,0,0,0,0,0,0,0,0,0,,,82.125,0,4.296055631,1,7.322603124,-5.25,0
179,179-B-mono-1-C,B,3,mono,1,C,CS76572,,,,,,,,,,,,,,,,,,,,MostGerm,20,12.31,28.9,0.24,NA,0.3794,5,0,0,0,75,75,75,75,100,100,100,100,,,67.5,0,16.4954043,1,7.322603124,-28.5,0
180,180-B-mono-1-C,B,3,mono,1,C,CS76441,,,,,,,,,,,,,,,,,,,,MostGerm,18,13.05,27.2,0.37,NA,0.0239,6,0,0,0,0,0,0,0,0,0,1,1,,,77.75,0,11.46153396,1,7.322603124,-7.5,0
181,181-B-mono-1-S,B,3,mono,1,S,CS78778,,,,,,,,,,,,,,,,,,,,MostGerm,17,NA,NA,0.13,NA,0.2094,0,0,1,25,75,75,100,100,100,100,100,100,,,59,0,8.532668608,1,7.322603124,-26,0
182,182-B-mono-1-C,B,3,mono,1,C,CS77001,,,,,,,,,,,,,,,,,,,,MostGerm,17,15.89,33.3,0.36,NA,0.1717,3,0,0,0,0,0,0,0,0,0,1,1,,Too small for SPAD,60.375,0,6.971810948,1,7.322603124,-0.75,0
183,183-B-mono-1-C,B,3,mono,1,C,CS78848,,,,,,,,,,,,,,,,,,,,FewGerm,3,1.62,32.2,0.34,NA,0.0506,2,0,0,1,75,25,25,25,25,25,25,25,,,81.25,0,5.905703184,1,7.322603124,-16.5,0
184,184-B-mono-1-C,B,3,mono,1,C,CS76739,,,,,,,,,,,,,,,,,,,,MostGerm,17,19.57,36.9,0.4,NA,1.1579,13,0,0,0,0,0,0,0,0,0,0,0,,,81.375,0,4.90198242,1,7.322603124,-9.75,0
185,185-B-mono-1-C,B,3,mono,1,C,CS77000,,,,,,,,,,,,,,,,,,,,MostGerm,16,10.80,34.1,0.22,NA,0.0813,2,0,0,0,0,0,0,0,0,0,0,0,,,83,0,6.971810948,1,7.322603124,-0.5,0
186,186-B-mono-1-S,B,3,mono,1,S,CS76691,,,,,,,,,,,,,,,,,,,,MostGerm,15,1.89,28.6,0.24,NA,NA,0,0,0,0,0,0,0,0,0,0,0,0,washed out on 6/10/18,,80.16666667,0,10.89288544,1,7.322603124,5.666666667,0
187,187-B-mono-1-S,B,3,mono,1,S,CS77001,,,,,,,,,,,,,,,,,,,,MostGerm,15,9.31,34,0.54,NA,0.7427,8,0,0,0,0,0,0,0,0,0,0,0,,,60.375,0,6.971810948,1,7.322603124,-0.75,0
188,188-B-mono-1-C,B,3,mono,1,C,CS76786,,,,,,,,,,,,,,,,,,,,MostGerm,18,NA,NA,NA,NA,0.2016,0,0,25,100,100,100,100,100,100,100,100,100,,,50.5,0,11.03623322,1,7.322603124,-16.5,0
189,189-B-mono-1-S,B,3,mono,1,S,CS76979,,,,,,,,,,,,,,,,,,,,MostGerm,14,3.35,33.4,0.17,NA,0.4082,13,0,0,0,0,0,0,0,0,0,0,0,,Too far along in senecsense,89.375,0,4.010340511,1,7.322603124,-2.25,0
190,190-B-mono-1-C,B,3,mono,1,C,CS76473,,,,,,,,,,,,,,,,,,,,MostGerm,17,11.69,21.6,0.15,NA,0.1754,1,0,1,25,75,100,100,100,100,100,100,100,,,52.625,0,16.17027133,1,7.322603124,-21.75,0
191,191-B-pred-2-S,B,3,pred,2,S,CS76978,CS77179,,,,,,,,,,,,,,,,,,,MostGerm,7,1.36,NA,NA,NA,0.0593,5,0,0,0,0,0,0,0,0,25,25,25,,,62.33333333,62.34722222,4.138328877,2,6.757932482,-12.66666667,62.34722222
192,192-B-mono-1-C,B,3,mono,1,C,CS76998,,,,,,,,,,,,,,,,,,,,MostGerm,18,10.64,34.3,0.28,NA,0.3936,14,0,0,0,0,0,0,0,0,0,0,0,,,75.75,0,6.971810948,1,7.322603124,-3.5,0
193,193-B-pred-2-C,B,4,pred,2,C,CS76769,CS76836,,,,,,,,,,,,,,,,,,,MostGerm,16,8.79,NA,NA,NA,0.2979,9,0,0,0,0,0,0,0,0,0,0,0,,,71.02083333,14.67013889,4.191839559,2,6.787188977,-7.041666667,14.67013889
194,194-B-mono-1-S,B,4,mono,1,S,CS76978,,,,,,,,,,,,,,,,,,,,MostGerm,20,1.45,NA,0.06,NA,0.0493,4,0,0,0,0,0,0,0,0,0,0,0,,,73.79166667,0,3.964834343,1,7.322603124,-7.083333333,0
195,195-B-div-20-S,B,4,div,20,S,CS76409,CS76632,CS76886,CS76693,CS76674,CS76958,CS77190,CS76741,CS76953,CS76642,CS76441,CS76854,CS76689,CS76650,CS76360,CS76572,CS77387,CS76721,CS76998,CS76994,MostGerm,13,2.26,NA,NA,NA,0.0793,5,0,0,0,0,0,0,0,1,1,1,1,,,72.01875,289.6604352,7.889544356,20,6.291980641,-6.537499997,289.6604352
196,196-B-mono-1-C,B,4,mono,1,C,CS76390,,,,,,,,,,,,,,,,,,,,MostGerm,20,13.36,41.2,0.16,NA,0.3518,14,0,0,0,0,0,0,0,0,0,0,0,,Too small for SPAD,79.375,0,6.971810948,1,7.322603124,-8.75,0
197,197-B-mono-1-S,B,4,mono,1,S,CS76632,,,,,,,,,,,,,,,,,,,,MostGerm,15,5.94,NA,0.15,NA,0.0711,0,0,0,1,25,50,75,75,100,100,100,100,,Very purple leaves,61.25,0,4.712952619,1,7.322603124,-34.5,0
198,198-B-mono-1-S,B,4,mono,1,S,CS77028,,,,,,,,,,,,,,,,,,,,MostGerm,17,2.87,27.9,0.16,NA,0.335,13,0,0,0,0,0,0,0,0,0,0,0,,Too small for SPAD,109,0,7.096443569,1,7.322603124,10.5,0
199,199-B-mono-1-S,B,4,mono,1,S,CS76979,,,,,,,,,,,,,,,,,,,,MostGerm,18,3.11,25.2,0.1,NA,0.3475,16,0,0,0,0,0,0,0,0,0,0,0,,,89.375,0,4.010340511,1,7.322603124,-2.25,0
200,200-B-mono-1-S,B,4,mono,1,S,CS78848,,,,,,,,,,,,,,,,,,,,FewGerm,4,2.15,38.3,0.21,NA,0.1047,3,0,0,0,0,0,0,0,0,0,0,0,,,81.25,0,5.905703184,1,7.322603124,-16.5,0
201,201-B-mono-1-C,B,4,mono,1,C,CS76692,,,,,,,,,,,,,,,,,,,,MostGerm,19,13.72,37.2,0.17,NA,0.0583,7,0,0,0,0,0,0,0,0,0,0,0,,Pot partially destroyed,82.04166667,0,10.87719806,1,7.322603124,-15.41666667,0
202,202-B-mono-1-S,B,4,mono,1,S,CS77020,,,,,,,,,,,,,,,,,,,,MostGerm,18,2.91,NA,NA,NA,0.0206,0,0,25,75,75,100,100,100,100,100,100,100,,,52.75,0,5.187052831,1,7.322603124,-25.5,0
203,203-B-pred-10-S,B,4,pred,10,S,CS76886,CS76721,CS76958,CS77197,CS76999,CS76693,CS78848,CS77196,CS77004,CS76692,,,,,,,,,,,MostGerm,19,1.33,NA,NA,NA,0.143,13,0,0,0,0,0,0,0,0,0,0,0,,,85.44166667,82.54475311,7.036374968,10,6.297566237,-5.75,82.54475311
204,204-B-mono-1-C,B,4,mono,1,C,CS76854,,,,,,,,,,,,,,,,,,,,MostGerm,20,17.79,24.2,0.33,NA,0.2611,1,0,0,1,75,75,100,100,100,100,100,100,,Too far along in senecsense,52.5,0,7.538771008,1,7.322603124,-15,0
205,205-B-mono-1-C,B,4,mono,1,C,CS76790,,,,,,,,,,,,,,,,,,,,MostGerm,16,8.12,22.2,0.19,NA,0.1276,0,0,1,25,75,75,100,100,100,100,100,100,,,55.875,0,5.881856565,1,7.322603124,-10.75,0
206,206-B-mono-1-C,B,4,mono,1,C,CS76572,,,,,,,,,,,,,,,,,,,,HalfGerm,16,6.35,NA,NA,NA,0.061,0,0,0,0,0,25,50,50,75,75,75,75,,,67.5,0,16.4954043,1,7.322603124,-28.5,0
207,207-B-mono-1-C,B,4,mono,1,C,CS77190,,,,,,,,,,,,,,,,,,,,MostGerm,18,24.44,32.9,0.53,NA,0.2444,4,0,0,0,0,0,0,0,75,100,100,100,,"Lots of herbivory, Infl munched on",71.375,0,6.071059173,1,7.322603124,-28.75,0
208,208-B-mono-1-S,B,4,mono,1,S,CS77126,,,,,,,,,,,,,,,,,,,,MostGerm,20,2.31,23.6,0.2,NA,0.1615,1,0,0,1,75,75,75,75,75,100,100,100,,,51.625,0,5.256160687,1,7.322603124,-18.25,0
209,209-B-mono-1-C,B,4,mono,1,C,CS76739,,,,,,,,,,,,,,,,,,,,MostGerm,19,14.58,42.3,0.24,NA,NA,0,0,0,0,0,0,0,0,0,0,0,0,,,81.375,0,4.90198242,1,7.322603124,-9.75,0
210,210-B-mono-1-C,B,4,mono,1,C,CS76360,,,,,,,,,,,,,,,,,,,,MostGerm,16,9.64,27.3,0.33,NA,0.3105,10,0,0,0,0,0,0,0,0,0,0,0,,,60.875,0,6.67124573,1,7.322603124,-9.75,0
211,211-B-mono-1-S,B,4,mono,1,S,CS76721,,,,,,,,,,,,,,,,,,,,MostGerm,19,3.89,33.5,0.22,NA,0.4064,13,0,0,0,0,0,0,0,0,0,0,0,,,80.5,0,5.411741158,1,7.322603124,-3.5,0
212,212-B-mono-1-C,B,4,mono,1,C,CS77107,,,,,,,,,,,,,,,,,,,,MostGerm,20,5.90,32.5,0.3,NA,0.3011,12,0,0,0,0,0,0,0,0,0,0,0,,,61.625,0,7.533433731,1,7.322603124,9.75,0
213,213-B-mono-1-C,B,4,mono,1,C,CS76632,,,,,,,,,,,,,,,,,,,,MostGerm,19,6.10,NA,NA,NA,0.0091,0,0,0,1,25,25,75,75,0,0,0,0,fully by cow,,61.25,0,4.712952619,1,7.322603124,-34.5,0
214,214-B-mono-1-S,B,4,mono,1,S,CS76513,,,,,,,,,,,,,,,,,,,,MostGerm,20,5.85,NA,0.09,NA,0.1921,0,0,1,25,50,50,100,100,100,100,100,100,,Pot totally destroyed,57.5,0,5.229377078,1,7.322603124,-28,0
215,215-B-mono-1-S,B,4,mono,1,S,CS77033,,,,,,,,,,,,,,,,,,,,MostGerm,20,13.93,37.3,0.21,NA,1.1322,14,0,0,0,0,0,0,0,0,1,1,1,,Too small for SPAD,79,0,5.129418302,1,7.322603124,-15,0
216,216-B-mono-1-C,B,4,mono,1,C,CS76649,,,,,,,,,,,,,,,,,,,,MostGerm,15,9.39,32.2,0.15,NA,0.2883,0,0,25,50,75,75,100,100,100,100,100,100,,,52,0,13.92728137,1,7.322603124,-22,0
217,217-B-mono-1-S,B,5,mono,1,S,CS76632,,,,,,,,,,,,,,,,,,,,MostGerm,17,0.61,NA,NA,NA,NA,0,0,0,0,0,0,0,0,0,0,0,0,washed out on 6/15/18,,61.25,0,4.712952619,1,7.322603124,-34.5,0
218,218-B-mono-1-C,B,5,mono,1,C,CS76409,,,,,,,,,,,,,,,,,,,,FewGerm,16,9.72,30,0.29,NA,0.2563,16,0,0,0,0,0,0,0,0,0,0,0,,No plants,88.16666668,0,6.435859961,1,7.322603124,45.00000003,0
219,219-B-mono-1-C,B,5,mono,1,C,CS76721,,,,,,,,,,,,,,,,,,,,MostGerm,20,11.63,33.5,0.36,NA,0.3886,18,0,0,0,0,0,0,0,0,0,0,0,,,80.5,0,5.411741158,1,7.322603124,-3.5,0
220,220-B-mono-1-C,B,5,mono,1,C,CS77033,,,,,,,,,,,,,,,,,,,,MostGerm,17,9.24,27.3,0.57,NA,0.2756,15,0,0,0,0,0,0,0,0,0,0,0,,,79,0,5.129418302,1,7.322603124,-15,0
221,221-B-mono-1-S,B,5,mono,1,S,CS76441,,,,,,,,,,,,,,,,,,,,MostGerm,19,1.42,22.1,0.12,NA,0.1891,16,0,0,0,0,0,0,0,0,0,0,0,,,77.75,0,11.46153396,1,7.322603124,-7.5,0
222,222-B-pred-2-S,B,5,pred,2,S,CS76769,CS77197,,,,,,,,,,,,,,,,,,,MostGerm,19,7.39,NA,NA,NA,0.2132,15,0,0,0,0,0,0,0,0,0,0,0,,,80.3125,108.78125,4.519301139,2,6.774495553,3.041666668,108.78125
223,223-B-mono-1-C,B,5,mono,1,C,CS77387,,,,,,,,,,,,,,,,,,,,MostGerm,18,NA,NA,NA,NA,0.2492,0,0,25,100,100,100,100,100,100,100,100,100,,,50.875,0,7.91471514,1,7.322603124,-0.75,0
224,224-B-div-20-S,B,5,div,20,S,CS76632,CS76692,CS76642,CS76999,CS76360,CS76689,CS76769,CS77004,CS77001,CS77190,CS76953,CS77033,CS77006,CS76572,CS77020,CS76739,CS77002,CS77179,CS76721,CS76537,MostGerm,19,8.91,NA,NA,NA,0.1895,15,0,1,1,25,25,25,25,25,25,25,25,,,71.27083333,144.4670322,7.071187809,20,6.335821238,-11.09166667,144.4670322
225,225-B-pred-2-S,B,5,pred,2,S,CS77287,CS77387,,,,,,,,,,,,,,,,,,,MostGerm,20,0.81,NA,NA,NA,0.0401,0,0,25,25,75,75,75,100,100,100,100,100,,,46.5,190.125,8.353470444,2,6.866742727,-10.5,190.125
226,226-B-mono-1-C,B,5,mono,1,C,CS76691,,,,,,,,,,,,,,,,,,,,MostGerm,18,21.93,29.9,0.23,NA,0.1959,13,0,0,0,0,0,0,0,0,0,0,0,,Too far along in senecsense,80.16666667,0,10.89288544,1,7.322603124,5.666666667,0
227,227-B-mono-1-C,B,5,mono,1,C,CS77001,,,,,,,,,,,,,,,,,,,,MostGerm,20,15.85,34.4,0.23,NA,0.1704,12,0,0,0,0,0,0,0,0,0,1,1,,,60.375,0,6.971810948,1,7.322603124,-0.75,0
228,228-B-mono-1-S,B,5,mono,1,S,CS77004,,,,,,,,,,,,,,,,,,,,MostGerm,11,0.43,NA,0.07,NA,0.075,7,0,0,0,0,0,0,0,0,0,0,0,,,81.5,0,6.971810948,1,7.322603124,-19.5,0
229,229-B-mono-1-S,B,5,mono,1,S,CS76693,,,,,,,,,,,,,,,,,,,,MostGerm,20,7.42,29.5,0.11,NA,0.0809,11,0,0,0,0,0,0,0,0,0,0,0,,Too small for SPAD,91.25,0,10.87719806,1,7.322603124,-1.5,0
230,230-B-mono-1-S,B,5,mono,1,S,CS76441,,,,,,,,,,,,,,,,,,,,MostGerm,20,4.31,29.6,0.13,NA,NA,0,0,0,0,0,0,0,0,0,0,0,0,,,77.75,0,11.46153396,1,7.322603124,-7.5,0
231,231-B-pred-20-C,B,5,pred,20,C,CS77057,CS76836,CS76979,CS76739,CS76958,CS76978,CS77020,CS76996,CS77197,CS76632,CS76513,CS77179,CS77023,CS76999,CS77196,CS76409,CS76953,CS76706,CS76790,CS77126,MostGerm,20,6.67,NA,NA,NA,0.077,0,0,1,25,25,25,25,25,50,50,50,50,,,71.95833334,313.8165207,5.440695053,20,6.287499899,-7.916666663,313.8165207
232,232-B-pred-10-C,B,5,pred,10,C,CS76886,CS76721,CS76958,CS77197,CS76999,CS76693,CS78848,CS77196,CS77004,CS76692,,,,,,,,,,,MostGerm,19,11.22,NA,NA,NA,NA,0,0,0,0,0,0,0,0,0,0,0,0,,,85.44166667,82.54475311,7.036374968,10,6.297566237,-5.75,82.54475311
233,233-B-mono-1-C,B,5,mono,1,C,CS76886,,,,,,,,,,,,,,,,,,,,MostGerm,19,14.60,29.3,0.19,NA,0.2064,16,0,0,0,0,0,0,0,0,0,0,0,,"Only 1 plant left due to cow, pot partially destroyed",92,0,8.630416859,1,7.322603124,-4.666666663,0
234,234-B-div-20-S,B,5,div,20,S,CS77002,CS77020,CS76689,CS76854,CS76998,CS76953,CS76632,CS76886,CS76390,CS77197,CS78848,CS78841,CS77287,CS77190,CS77023,CS76650,CS76739,CS76409,CS76473,CS76836,MostGerm,13,2.72,NA,NA,NA,0.0487,8,0,0,0,0,0,0,0,1,25,25,25,,,73.23541667,305.8686223,7.139030535,20,6.280674618,-7.154166663,305.8686223
235,235-B-mono-1-C,B,5,mono,1,C,CS76632,,,,,,,,,,,,,,,,,,,,MostGerm,20,1.56,NA,NA,NA,0.0852,0,0,1,25,100,100,100,100,100,100,100,100,,,61.25,0,4.712952619,1,7.322603124,-34.5,0
236,236-B-mono-1-S,B,5,mono,1,S,CS76360,,,,,,,,,,,,,,,,,,,,FewGerm,12,0.12,NA,NA,NA,0.0088,0,0,0,0,0,0,0,0,0,0,0,0,,"No rosettes, culling leaves present",60.875,0,6.67124573,1,7.322603124,-9.75,0
237,237-B-pred-2-C,B,5,pred,2,C,CS76953,CS76693,,,,,,,,,,,,,,,,,,,MostGerm,20,13.96,NA,NA,NA,0.1216,12,0,0,0,0,0,0,0,0,0,0,0,,,98.85416668,96.83680602,9.305534364,2,6.740605276,5.45833335,96.83680602
238,238-B-pred-2-S,B,5,pred,2,S,CS76978,CS77197,,,,,,,,,,,,,,,,,,,MostGerm,20,2.76,NA,NA,NA,0.1366,15,0,0,0,0,0,0,0,0,0,0,0,,,82.625,153.1250001,4.446879886,2,6.72750581,1.666666668,153.1250001
239,239-B-mono-1-S,B,5,mono,1,S,CS76689,,,,,,,,,,,,,,,,,,,,MostGerm,20,3.47,30.5,0.16,NA,0.177,19,0,0,0,0,0,0,0,0,0,0,0,,Too small for SPAD,68.875,0,7.883719125,1,7.322603124,-1.75,0
240,240-B-mono-1-C,B,5,mono,1,C,CS76691,,,,,,,,,,,,,,,,,,,,MostGerm,19,8.59,33.7,0.37,NA,0.0724,13,0,0,0,0,0,0,0,0,0,0,0,,,80.16666667,0,10.89288544,1,7.322603124,5.666666667,0
241,241-C-pred-20-S,C,1,pred,20,S,CS77057,CS76836,CS77033,CS77190,CS77000,CS76979,CS76739,CS76769,CS76958,CS77020,CS77197,CS76632,CS76513,CS77023,CS78848,CS77196,CS77004,CS76409,CS76642,CS77126,FewGerm,10,2.16,NA,NA,NA,0.1341,3,0,0,0,0,1,1,1,1,25,25,25,,,74.87291667,309.4790024,5.473312127,20,6.25349995,-8.762499998,309.4790024
242,242-C-mono-1-S,C,1,mono,1,S,CS76978,,,,,,,,,,,,,,,,,,,,FewGerm,13,2.11,39,0.1,NA,NA,0,0,0,0,0,0,,0,0,0,0,0,,,73.79166667,0,3.964834343,1,7.322603124,-7.083333333,0
243,243-C-mono-1-C,C,1,mono,1,C,CS77190,,,,,,,,,,,,,,,,,,,,MostGerm,18,30.53,31.6,0.4,NA,0.3525,0,0,0,0,0,0,1,1,75,100,100,100,,,71.375,0,6.071059173,1,7.322603124,-28.75,0
244,244-C-mono-1-C,C,1,mono,1,C,CS76999,,,,,,,,,,,,,,,,,,,,MostGerm,19,11.24,32.5,0.44,NA,NA,0,0,0,0,0,0,,0,0,0,0,0,,,82.25,0,6.971810948,1,7.322603124,-3,0
245,245-C-mono-1-C,C,1,mono,1,C,CS76473,,,,,,,,,,,,,,,,,,,,MostGerm,20,21.07,17.3,0.14,NA,0.3083,0,0,25,50,75,75,100,100,100,100,100,100,,,52.625,0,16.17027133,1,7.322603124,-21.75,0
246,246-C-mono-1-C,C,1,mono,1,C,CS76572,,,,,,,,,,,,,,,,,,,,MostGerm,17,12.74,26.3,0.43,NA,0.2622,0,0,0,0,50,75,100,100,100,100,100,100,,,67.5,0,16.4954043,1,7.322603124,-28.5,0
247,247-C-div-10-C,C,1,div,10,C,CS76739,CS76886,CS76650,CS76774,CS77057,CS76572,CS76692,CS76632,CS76473,CS76998,,,,,,,,,,,MostGerm,20,31.98,NA,NA,NA,0.1108,0,0,25,25,1,25,25,25,50,50,50,50,,,68.7875,122.9327932,8.670754885,10,6.313805943,-14.59166667,122.9327932
248,248-C-mono-1-S,C,1,mono,1,S,CS76836,,,,,,,,,,,,,,,,,,,,FewGerm,5,2.89,31.6,0.21,NA,0.1103,3,0,0,0,0,0,,0,0,0,0,0,,Some herbivory,72.875,0,4.274002269,1,7.322603124,-9.75,0
249,249-C-pred-2-S,C,1,pred,2,S,CS77287,CS77387,,,,,,,,,,,,,,,,,,,MostGerm,16,NA,NA,NA,NA,0.0659,0,1,50,50,75,75,75,75,100,100,100,100,,,46.5,190.125,8.353470444,2,6.866742727,-10.5,190.125
250,250-C-mono-1-C,C,1,mono,1,C,CS76674,,,,,,,,,,,,,,,,,,,,MostGerm,19,17.83,29.8,0.4,NA,NA,0,0,0,0,0,0,,0,0,0,0,0,,,75.875,0,8.257826396,1,7.322603124,-7.25,0
251,251-C-mono-1-C,C,1,mono,1,C,CS77229,,,,,,,,,,,,,,,,,,,,MostGerm,18,22.52,39.8,0.26,NA,0.4103,0,0,0,0,0,0,50,75,75,75,75,75,,Purple leaves,67.25,0,6.373313532,1,7.322603124,-16,0
252,252-C-mono-1-S,C,1,mono,1,S,CS76741,,,,,,,,,,,,,,,,,,,,MostGerm,18,9.60,28.9,0.21,NA,NA,0,0,0,0,0,0,,0,0,0,0,0,,,64,0,6.24819939,1,7.322603124,-2,0
253,253-C-mono-1-C,C,1,mono,1,C,CS77006,,,,,,,,,,,,,,,,,,,,MostGerm,14,9.36,33.4,0.23,NA,NA,0,0,0,0,0,0,,0,0,0,0,0,,,73.125,0,6.971810948,1,7.322603124,-5.75,0
254,254-C-mono-1-C,C,1,mono,1,C,CS76996,,,,,,,,,,,,,,,,,,,,MostGerm,20,NA,NA,NA,NA,0.1122,0,1,75,75,75,75,75,100,100,100,100,100,,,46.125,0,7.226212103,1,7.322603124,-21.25,0
255,255-C-mono-1-C,C,1,mono,1,C,CS76650,,,,,,,,,,,,,,,,,,,,MostGerm,12,4.93,32.7,0.22,NA,0.2345,9,0,1,1,1,1,1,1,1,1,1,1,,Too far along in senecsense,53.75,0,7.110950191,1,7.322603124,-5,0
256,256-C-mono-1-C,C,1,mono,1,C,CS77002,,,,,,,,,,,,,,,,,,,,MostGerm,20,16.19,42.1,0.33,NA,0.724,12,0,0,0,0,0,,0,0,0,0,0,,,78,0,6.971810948,1,7.322603124,1.5,0
257,257-C-mono-1-C,C,1,mono,1,C,CS76786,,,,,,,,,,,,,,,,,,,,MostGerm,20,NA,NA,NA,NA,0.1072,0,0,75,100,75,75,75,100,100,100,100,100,,,50.5,0,11.03623322,1,7.322603124,-16.5,0
258,258-C-mono-1-C,C,1,mono,1,C,CS76674,,,,,,,,,,,,,,,,,,,,MostGerm,20,14.86,35.6,0.33,NA,0.2086,8,0,0,0,0,0,,0,0,0,1,1,,Too far along in senecsense,75.875,0,8.257826396,1,7.322603124,-7.25,0
259,259-C-div-10-S,C,1,div,10,S,CS77000,CS77033,CS77028,CS76790,CS76836,CS76649,CS78778,CS77197,CS76721,CS76642,,,,,,,,,,,MostGerm,17,4.06,NA,NA,NA,0.1904,9,0,1,1,25,25,25,25,25,25,25,25,,,74.67083333,153.0127315,6.868159039,10,6.35735624,-6.708333333,153.0127315
260,260-C-mono-1-S,C,1,mono,1,S,CS76691,,,,,,,,,,,,,,,,,,,,MostGerm,16,0.86,NA,0.05,NA,0.1671,16,0,0,0,0,0,,0,0,0,0,0,,,80.16666667,0,10.89288544,1,7.322603124,5.666666667,0
261,261-C-mono-1-C,C,1,mono,1,C,CS76513,,,,,,,,,,,,,,,,,,,,MostGerm,20,NA,NA,NA,NA,0.1884,0,0,75,75,100,100,100,100,100,100,100,100,,Too small for SPAD,57.5,0,5.229377078,1,7.322603124,-28,0
262,262-C-div-10-C,C,1,div,10,C,CS76854,CS77006,CS76979,CS76706,CS76978,CS76996,CS76886,CS77033,CS76390,CS76650,,,,,,,,,,,MostGerm,17,8.59,NA,NA,NA,0.0791,4,0,1,1,1,1,1,1,25,25,25,25,,,69.46666667,46.75154321,6.249873726,10,6.349542674,-10.5,46.75154321
263,263-C-mono-1-C,C,1,mono,1,C,CS77004,,,,,,,,,,,,,,,,,,,,HalfGerm,18,NA,NA,NA,NA,NA,0,0,0,0,0,0,,0,0,0,0,0,destroyed by dog in May 2018,Too far along in senecsense,81.5,0,6.971810948,1,7.322603124,-19.5,0
264,264-C-mono-1-C,C,1,mono,1,C,CS77126,,,,,,,,,,,,,,,,,,,,MostGerm,20,NA,NA,NA,NA,0.1569,0,0,50,50,75,75,100,100,100,100,100,100,,Pot destroyed fully,51.625,0,5.256160687,1,7.322603124,-18.25,0
265,265-C-mono-1-S,C,2,mono,1,S,CS76996,,,,,,,,,,,,,,,,,,,,MostGerm,18,0.24,NA,0.02,NA,0.0073,0,0,0,1,25,25,25,25,50,50,50,50,,Too far along in senecsense,46.125,0,7.226212103,1,7.322603124,-21.25,0
266,266-C-mono-1-C,C,2,mono,1,C,CS76695,,,,,,,,,,,,,,,,,,,,MostGerm,20,2.64,NA,0.04,NA,0.1163,14,0,0,0,0,0,,0,0,0,0,0,dog stepped on half of pot in May 2018,Too small for SPAD,59.66666667,0,10.31779842,1,7.322603124,1.33333333,0
267,267-C-mono-1-C,C,2,mono,1,C,CS77020,,,,,,,,,,,,,,,,,,,,MostGerm,20,2.52,NA,NA,NA,NA,0,0,0,25,25,25,25,25,25,25,25,25,,"Too small for SPAD, purple leaves",52.75,0,5.187052831,1,7.322603124,-25.5,0
268,268-C-mono-1-S,C,2,mono,1,S,CS77001,,,,,,,,,,,,,,,,,,,,MostGerm,20,3.14,NA,NA,NA,0.206,20,0,0,0,0,0,,0,0,0,0,0,,Too far along in senecsense,60.375,0,6.971810948,1,7.322603124,-0.75,0
269,269-C-mono-1-C,C,2,mono,1,C,CS77020,,,,,,,,,,,,,,,,,,,,MostGerm,19,0.64,NA,NA,NA,NA,0,0,1,1,1,1,1,1,1,1,1,1,,Too small for SPAD,52.75,0,5.187052831,1,7.322603124,-25.5,0
270,270-C-mono-1-C,C,2,mono,1,C,CS76693,,,,,,,,,,,,,,,,,,,,MostGerm,19,7.07,27.1,0.07,NA,0.0884,8,0,0,0,0,0,,0,0,0,0,0,,Too far along in senecsense,91.25,0,10.87719806,1,7.322603124,-1.5,0
271,271-C-mono-1-S,C,2,mono,1,S,CS76409,,,,,,,,,,,,,,,,,,,,HalfGerm,10,0.92,29,0.11,NA,0.0589,9,0,0,0,0,0,,0,0,0,0,0,,,88.16666668,0,6.435859961,1,7.322603124,45.00000003,0
272,272-C-mono-1-S,C,2,mono,1,S,CS76739,,,,,,,,,,,,,,,,,,,,MostGerm,20,1.85,NA,0.04,NA,0.0865,9,0,0,0,0,0,,0,0,0,0,0,,,81.375,0,4.90198242,1,7.322603124,-9.75,0
273,273-C-div-2-C,C,2,div,2,C,CS76958,CS77023,,,,,,,,,,,,,,,,,,,MostGerm,20,1.42,NA,NA,NA,0.267,20,0,0,0,0,0,,0,0,0,0,0,,,88.9375,52.53125,6.015276227,2,6.740245143,-0.125,52.53125
274,274-C-mono-1-C,C,2,mono,1,C,CS76721,,,,,,,,,,,,,,,,,,,,MostGerm,19,1.27,26.2,0.1,NA,0.0963,13,0,0,0,0,0,,0,0,0,0,0,,Too small for SPAD,80.5,0,5.411741158,1,7.322603124,-3.5,0
275,275-C-mono-1-C,C,2,mono,1,C,CS76786,,,,,,,,,,,,,,,,,,,,MostGerm,18,NA,NA,NA,NA,0.0803,0,0,50,100,100,100,100,100,100,100,100,100,,,50.5,0,11.03623322,1,7.322603124,-16.5,0
276,276-C-mono-1-S,C,2,mono,1,S,CS76996,,,,,,,,,,,,,,,,,,,,MostGerm,20,1.38,NA,NA,NA,0.0115,0,0,75,75,75,75,75,75,75,75,75,75,starting to brown,Too far along in senecsense,46.125,0,7.226212103,1,7.322603124,-21.25,0
277,277-C-mono-1-C,C,2,mono,1,C,CS77004,,,,,,,,,,,,,,,,,,,,MostGerm,16,1.44,NA,0.06,NA,0.1533,12,0,0,0,0,0,,0,0,0,0,0,,Too far along in senecsense,81.5,0,6.971810948,1,7.322603124,-19.5,0
278,278-C-mono-1-C,C,2,mono,1,C,CS76994,,,,,,,,,,,,,,,,,,,,MostGerm,20,1.08,NA,NA,NA,0.0248,0,0,25,25,50,50,50,50,50,75,75,75,,"Too small for SPAD, purple leaves",55.5,0,10.54011462,1,7.322603124,-28.5,0
279,279-C-div-10-C,C,2,div,10,C,CS76770,CS77057,CS76953,CS76572,CS76996,CS76721,CS76649,CS76999,CS76650,CS78848,,,,,,,,,,,MostGerm,20,NA,NA,NA,NA,0.0903,7,0,1,1,25,50,50,50,50,50,50,50,,,68.98333334,146.8490743,8.13583599,10,6.334161126,-11.78333333,146.8490743
280,280-C-mono-1-C,C,2,mono,1,C,CS77023,,,,,,,,,,,,,,,,,,,,MostGerm,7,NA,NA,NA,NA,0.0854,7,0,0,0,0,0,,0,0,0,0,0,,Too far along in senecsense,95.75,0,7.734496823,1,7.322603124,5,0
281,281-C-mono-1-S,C,2,mono,1,S,CS76999,,,,,,,,,,,,,,,,,,,,MostGerm,20,1.06,NA,0.04,NA,0.0297,7,0,0,0,0,0,,0,0,0,0,0,,"Purple leaves, small, still put into envelope",82.25,0,6.971810948,1,7.322603124,-3,0
282,282-C-mono-1-S,C,2,mono,1,S,CS77033,,,,,,,,,,,,,,,,,,,,MostGerm,20,1.89,24.8,0.07,NA,0.1158,18,0,0,0,0,0,,0,0,0,0,0,,"Too small for SPAD, purple leaves",79,0,5.129418302,1,7.322603124,-15,0
283,283-C-div-20-C,C,2,div,20,C,CS76390,CS76770,CS77028,CS76721,CS76473,CS76650,CS77000,CS77020,CS77179,CS76769,CS76691,CS77229,CS76674,CS77004,CS76886,CS77002,CS77126,CS77057,CS76953,CS78778,MostGerm,19,NA,NA,NA,NA,0.1021,8,0,0,1,1,1,25,25,50,50,50,50,,,72.14583333,130.6985381,7.176886565,20,6.31383056,-8.983333331,130.6985381
284,284-C-mono-1-C,C,2,mono,1,C,CS76513,,,,,,,,,,,,,,,,,,,,MostGerm,17,8.37,26.3,0.21,NA,0.1377,0,0,0,0,1,50,75,75,75,75,75,75,,,57.5,0,5.229377078,1,7.322603124,-28,0
285,285-C-div-20-S,C,2,div,20,S,CS76572,CS76999,CS76998,CS77004,CS76979,CS76441,CS77028,CS76409,CS76649,CS77287,CS76774,CS76674,CS77387,CS76513,CS76632,CS76693,CS76739,CS77000,CS76741,CS77126,MostGerm,18,8.51,NA,NA,NA,0.0852,1,0,1,1,25,25,25,25,25,25,25,25,,,72.49375,291.6538562,7.751104092,20,6.315754601,-7.879166665,291.6538562
286,286-C-mono-1-C,C,2,mono,1,C,CS76958,,,,,,,,,,,,,,,,,,,,MostGerm,18,8.37,35.5,0.23,NA,0.1482,11,0,0,0,0,0,,0,0,0,0,0,,,82.125,0,4.296055631,1,7.322603124,-5.25,0
287,287-C-pred-10-S,C,2,pred,10,S,CS76886,CS77190,CS76691,CS77020,CS76996,CS78848,CS77196,CS77028,CS76650,CS76786,,,,,,,,,,,MostGerm,15,3.64,NA,NA,NA,0.0988,7,0,1,1,25,25,25,25,0,25,25,25,,,72.69583333,183.5911265,7.464984598,10,6.253709184,-10.05833333,183.5911265
288,288-C-mono-1-C,C,2,mono,1,C,CS76999,,,,,,,,,,,,,,,,,,,,MostGerm,20,5.27,30.7,0.13,NA,0.2162,19,0,0,0,0,0,,0,0,0,0,0,,,82.25,0,6.971810948,1,7.322603124,-3,0
289,289-C-mono-1-S,C,3,mono,1,S,CS76979,,,,,,,,,,,,,,,,,,,,MostGerm,19,8.93,35.8,0.41,NA,0.0104,2,0,0,0,0,0,,0,0,0,0,0,,,89.375,0,4.010340511,1,7.322603124,-2.25,0
290,290-C-mono-1-S,C,3,mono,1,S,CS77057,,,,,,,,,,,,,,,,,,,,MostGerm,20,3.43,32.3,0.21,NA,0.1685,0,0,0,0,1,25,25,25,75,100,100,100,,,53.875,0,5.319225288,1,7.322603124,-18.75,0
291,291-C-mono-1-S,C,3,mono,1,S,CS77287,,,,,,,,,,,,,,,,,,,,MostGerm,6,0.70,NA,NA,NA,NA,0,0,0,0,25,50,50,50,50,50,50,50,,,42.125,0,8.792225748,1,7.322603124,-20.25,0
292,292-C-pred-2-S,C,3,pred,2,S,CS76953,CS76693,,,,,,,,,,,,,,,,,,,MostGerm,20,2.05,NA,NA,NA,0.0022,1,0,0,0,0,0,,0,0,0,0,0,,,98.85416668,96.83680602,9.305534364,2,6.740605276,5.45833335,96.83680602
293,293-C-mono-1-C,C,3,mono,1,C,CS77002,,,,,,,,,,,,,,,,,,,,MostGerm,20,11.38,40.8,0.47,NA,0.1419,8,0,0,0,0,0,,0,0,0,0,0,,Too far along in senecsense,78,0,6.971810948,1,7.322603124,1.5,0
294,294-C-div-2-C,C,3,div,2,C,CS76649,CS76786,,,,,,,,,,,,,,,,,,,MostGerm,20,9.76,NA,NA,NA,0.2332,0,0,75,75,25,50,75,75,75,100,100,100,,,51.25,15.125,12.48175729,2,6.761103288,-19.25,15.125
295,295-C-mono-1-S,C,3,mono,1,S,CS76642,,,,,,,,,,,,,,,,,,,,NoGerm,0,0.00,NA,NA,NA,NA,0,0,0,0,0,0,,0,0,0,0,0,,,64,0,6.527442179,1,7.322603124,-0.5,0
296,296-C-mono-1-S,C,3,mono,1,S,CS76854,,,,,,,,,,,,,,,,,,,,MostGerm,18,4.06,30.8,0.18,NA,0.1181,0,0,1,1,1,1,25,25,75,100,100,100,,No plants,52.5,0,7.538771008,1,7.322603124,-15,0
297,297-C-div-20-C,C,3,div,20,C,CS76632,CS76692,CS76642,CS76999,CS76360,CS76689,CS76769,CS77004,CS77001,CS77190,CS76953,CS77033,CS77006,CS76572,CS77020,CS76739,CS77002,CS77179,CS76721,CS76537,MostGerm,18,24.72,NA,NA,NA,0.3128,3,0,0,0,1,25,25,50,75,75,75,75,,,71.27083333,144.4670322,7.071187809,20,6.335821238,-11.09166667,144.4670322
298,298-C-mono-1-S,C,3,mono,1,S,CS76572,,,,,,,,,,,,,,,,,,,,MostGerm,20,5.44,32.4,0.28,NA,0.1995,0,0,0,0,0,25,25,25,75,75,75,75,,,67.5,0,16.4954043,1,7.322603124,-28.5,0
299,299-C-div-2-C,C,3,div,2,C,CS77001,CS76721,,,,,,,,,,,,,,,,,,,MostGerm,19,26.73,NA,NA,NA,1.0619,14,0,0,0,0,0,,0,1,25,25,25,,,70.4375,3.78125,6.191776053,2,6.795618952,-2.125,3.78125
300,300-C-mono-1-C,C,3,mono,1,C,CS76537,,,,,,,,,,,,,,,,,,,,MostGerm,20,6.06,30,0.14,NA,0.0877,0,0,0,0,0,1,50,50,100,100,100,100,,,54.125,0,10.54011462,1,7.322603124,-11.25,0
301,301-C-mono-1-S,C,3,mono,1,S,CS77006,,,,,,,,,,,,,,,,,,,,MostGerm,20,8.43,31.7,0.11,NA,0.4792,14,0,0,0,0,0,,0,0,0,0,0,,,73.125,0,6.971810948,1,7.322603124,-5.75,0
302,302-C-mono-1-S,C,3,mono,1,S,CS76996,,,,,,,,,,,,,,,,,,,,MostGerm,19,12.09,NA,NA,NA,0.1274,0,0,50,50,75,75,75,75,100,100,100,100,,,46.125,0,7.226212103,1,7.322603124,-21.25,0
303,303-C-mono-1-S,C,3,mono,1,S,CS77028,,,,,,,,,,,,,,,,,,,,MostGerm,19,4.45,29,0.19,NA,0.6176,16,0,0,0,0,0,,0,0,0,0,0,,Too far along in senecsense,109,0,7.096443569,1,7.322603124,10.5,0
304,304-C-mono-1-S,C,3,mono,1,S,CS76674,,,,,,,,,,,,,,,,,,,,MostGerm,20,1.22,NA,0.04,NA,0.0308,2,0,0,0,0,0,,0,0,0,0,0,,,75.875,0,8.257826396,1,7.322603124,-7.25,0
305,305-C-pred-2-S,C,3,pred,2,S,CS76769,CS76836,,,,,,,,,,,,,,,,,,,MostGerm,16,7.48,NA,NA,NA,0.0742,6,0,0,0,0,0,,0,0,0,0,0,,,71.02083333,14.67013889,4.191839559,2,6.787188977,-7.041666667,14.67013889
306,306-C-mono-1-C,C,3,mono,1,C,CS76996,,,,,,,,,,,,,,,,,,,,MostGerm,17,4.02,NA,NA,NA,0.0272,0,0,75,75,75,75,75,75,75,75,75,75,infl crushed (by rain?),Too small for SPAD,46.125,0,7.226212103,1,7.322603124,-21.25,0
307,307-C-div-2-S,C,3,div,2,S,CS77001,CS76721,,,,,,,,,,,,,,,,,,,MostGerm,19,4.53,NA,NA,NA,0.3267,11,0,0,0,0,0,,0,0,0,0,0,,,70.4375,3.78125,6.191776053,2,6.795618952,-2.125,3.78125
308,308-C-mono-1-C,C,3,mono,1,C,CS76953,,,,,,,,,,,,,,,,,,,,MostGerm,18,4.96,37.2,0.18,NA,0.7051,10,0,0,0,0,0,,0,0,0,0,0,,Too far along in senecsense,106.4583334,0,7.733870673,1,7.322603124,12.4166667,0
309,309-C-mono-1-C,C,3,mono,1,C,CS76774,,,,,,,,,,,,,,,,,,,,MostGerm,8,5.25,34.6,0.41,NA,0.0733,5,0,0,0,0,0,,0,0,1,25,25,,,67.70833334,0,5.517336841,1,7.322603124,-4.08333333,0
310,310-C-mono-1-S,C,3,mono,1,S,CS76473,,,,,,,,,,,,,,,,,,,,MostGerm,20,12.90,27,0.17,NA,0.2957,0,0,0,25,50,50,75,100,100,100,100,100,,,52.625,0,16.17027133,1,7.322603124,-21.75,0
311,311-C-mono-1-C,C,3,mono,1,C,CS77197,,,,,,,,,,,,,,,,,,,,MostGerm,19,16.29,43.8,0.21,NA,0.9603,17,0,0,0,0,0,,0,0,0,0,0,,,91.45833334,0,4.928925429,1,7.322603124,10.41666667,0
312,312-C-pred-2-C,C,3,pred,2,C,CS77287,CS77387,,,,,,,,,,,,,,,,,,,MostGerm,15,NA,NA,NA,NA,0.1087,0,1,75,75,75,75,75,75,100,100,100,100,starting to brown,,46.5,190.125,8.353470444,2,6.866742727,-10.5,190.125
313,313-C-mono-1-C,C,4,mono,1,C,CS76741,,,,,,,,,,,,,,,,,,,,MostGerm,20,47.25,34.8,0.58,NA,0.1465,4,0,0,0,0,0,,0,0,25,25,25,,,64,0,6.24819939,1,7.322603124,-2,0
314,314-C-mono-1-C,C,4,mono,1,C,CS77287,,,,,,,,,,,,,,,,,,,,MostGerm,20,7.48,NA,NA,NA,0.0578,0,1,100,100,100,100,100,100,100,100,100,100,starting to brown,,42.125,0,8.792225748,1,7.322603124,-20.25,0
315,315-C-mono-1-C,C,4,mono,1,C,CS76390,,,,,,,,,,,,,,,,,,,,MostGerm,20,25.10,39.8,0.42,NA,1.2999,20,0,0,0,0,0,,0,0,0,0,0,,Too far along in senecsense,79.375,0,6.971810948,1,7.322603124,-8.75,0
316,316-C-mono-1-C,C,4,mono,1,C,CS76769,,,,,,,,,,,,,,,,,,,,MostGerm,20,28.57,31.2,0.3,NA,1.5067,17,0,0,0,0,0,,0,0,0,0,0,,,69.16666667,0,4.109676849,1,7.322603124,-4.333333333,0
317,317-C-mono-1-S,C,4,mono,1,S,CS76786,,,,,,,,,,,,,,,,,,,,MostGerm,20,6.20,NA,NA,NA,0.2219,0,0,1,1,1,25,75,75,100,100,100,100,,,50.5,0,11.03623322,1,7.322603124,-16.5,0
318,318-C-mono-1-S,C,4,mono,1,S,CS76572,,,,,,,,,,,,,,,,,,,,MostGerm,17,1.66,27.9,0.21,NA,0.0569,0,0,0,0,0,0,50,50,75,100,100,100,,Too far along in senecsense,67.5,0,16.4954043,1,7.322603124,-28.5,0
319,319-C-pred-20-C,C,4,pred,20,C,CS77057,CS76836,CS77033,CS77190,CS77000,CS76979,CS76739,CS76769,CS76958,CS77020,CS77197,CS76632,CS76513,CS77023,CS78848,CS77196,CS77004,CS76409,CS76642,CS77126,MostGerm,20,24.06,NA,NA,NA,0.2009,4,0,0,0,1,1,50,75,75,75,75,75,,,74.87291667,309.4790024,5.473312127,20,6.25349995,-8.762499998,309.4790024
320,320-C-mono-1-C,C,4,mono,1,C,CS76994,,,,,,,,,,,,,,,,,,,,MostGerm,20,7.27,NA,NA,NA,0.2055,0,0,25,25,1,5,75,75,100,100,100,100,herbivory damage on 6/12/18,,55.5,0,10.54011462,1,7.322603124,-28.5,0
321,321-C-mono-1-C,C,4,mono,1,C,CS77387,,,,,,,,,,,,,,,,,,,,MostGerm,20,NA,NA,NA,NA,0.2919,0,0,100,100,75,100,100,100,100,100,100,100,starting to brown,Too far along in senecsense,50.875,0,7.91471514,1,7.322603124,-0.75,0
322,322-C-mono-1-S,C,4,mono,1,S,CS76958,,,,,,,,,,,,,,,,,,,,MostGerm,20,15.49,38.9,0.47,NA,0.0359,3,0,0,0,0,0,,0,0,0,0,0,,Too far along in senecsense,82.125,0,4.296055631,1,7.322603124,-5.25,0
323,323-C-pred-10-C,C,4,pred,10,C,CS76886,CS77190,CS76691,CS77020,CS76996,CS78848,CS77196,CS77028,CS76650,CS76786,,,,,,,,,,,MostGerm,18,24.01,NA,NA,NA,0.3715,2,0,1,1,1,25,75,75,75,75,75,75,,,72.69583333,183.5911265,7.464984598,10,6.253709184,-10.05833333,183.5911265
324,324-C-mono-1-S,C,4,mono,1,S,CS76409,,,,,,,,,,,,,,,,,,,,HalfGerm,17,3.54,35.4,0.31,NA,0.1621,14,0,0,0,0,0,,0,0,0,0,0,,,88.16666668,0,6.435859961,1,7.322603124,45.00000003,0
325,325-C-mono-1-C,C,4,mono,1,C,CS76979,,,,,,,,,,,,,,,,,,,,MostGerm,20,24.67,35.7,0.44,NA,0.26,10,0,0,0,0,0,,0,0,0,1,1,,,89.375,0,4.010340511,1,7.322603124,-2.25,0
326,326-C-mono-1-C,C,4,mono,1,C,CS76790,,,,,,,,,,,,,,,,,,,,MostGerm,20,12.10,21.1,0.14,NA,0.2365,0,0,0,50,75,75,75,75,100,100,100,100,,,55.875,0,5.881856565,1,7.322603124,-10.75,0
327,327-C-mono-1-S,C,4,mono,1,S,CS76695,,,,,,,,,,,,,,,,,,,,MostGerm,14,7.15,39.6,0.36,NA,0.0232,0,0,0,0,0,0,1,1,0,1,1,1,,,59.66666667,0,10.31779842,1,7.322603124,1.33333333,0
328,328-C-mono-1-C,C,4,mono,1,C,CS77229,,,,,,,,,,,,,,,,,,,,MostGerm,19,11.70,37.3,0.16,NA,0.3032,0,0,0,0,0,0,,0,50,75,75,75,,,67.25,0,6.373313532,1,7.322603124,-16,0
329,329-C-mono-1-C,C,4,mono,1,C,CS76886,,,,,,,,,,,,,,,,,,,,MostGerm,20,29.81,48.7,0.48,NA,0.4544,12,0,0,0,0,0,,0,0,0,0,0,,,92,0,8.630416859,1,7.322603124,-4.666666663,0
330,330-C-div-10-C,C,4,div,10,C,CS76790,CS77020,CS76649,CS77006,CS76390,CS76999,CS76689,CS76978,CS77023,CS76360,,,,,,,,,,,MostGerm,20,35.34,NA,NA,NA,1.0104,8,0,0,1,25,25,25,25,75,75,75,75,,,69.46666667,82.63240741,7.216591963,10,6.408528753,-8.933333333,82.63240741
331,331-C-mono-1-S,C,4,mono,1,S,CS78778,,,,,,,,,,,,,,,,,,,,MostGerm,20,5.65,NA,NA,NA,NA,0,0,25,50,75,75,75,75,75,75,75,75,stepped on,,59,0,8.532668608,1,7.322603124,-26,0
332,332-C-mono-1-S,C,4,mono,1,S,CS77387,,,,,,,,,,,,,,,,,,,,MostGerm,18,NA,NA,NA,NA,0.0316,0,0,100,100,100,100,100,100,0,0,0,0,starting to brown,Too far along in senecsense,50.875,0,7.91471514,1,7.322603124,-0.75,0
333,333-C-mono-1-S,C,4,mono,1,S,CS76632,,,,,,,,,,,,,,,,,,,,MostGerm,20,16.92,26.5,0.14,NA,0.3419,0,0,0,25,75,75,75,75,100,100,100,100,,"Too far along in senecsense, pot partially destroyed",61.25,0,4.712952619,1,7.322603124,-34.5,0
334,334-C-pred-2-S,C,4,pred,2,S,CS76886,CS77028,,,,,,,,,,,,,,,,,,,MostGerm,20,11.95,NA,NA,NA,0.1171,2,0,1,1,1,1,1,1,1,1,1,1,,,100.5,115.0138888,7.863430214,2,6.675411968,2.916666668,115.0138888
335,335-C-mono-1-S,C,4,mono,1,S,CS76786,,,,,,,,,,,,,,,,,,,,MostGerm,19,NA,24.9,0.05,NA,0.0826,0,0,50,50,50,50,75,75,100,100,100,100,,,50.5,0,11.03623322,1,7.322603124,-16.5,0
336,336-C-mono-1-C,C,4,mono,1,C,CS76692,,,,,,,,,,,,,,,,,,,,MostGerm,20,15.59,34.2,0.25,NA,0.6469,21,0,0,0,0,0,,0,0,0,0,0,,,82.04166667,0,10.87719806,1,7.322603124,-15.41666667,0
337,337-C-mono-1-C,C,5,mono,1,C,CS77057,,,,,,,,,,,,,,,,,,,,MostGerm,18,28.63,27.3,0.23,NA,0.1936,0,0,0,25,50,75,75,75,100,100,100,100,,,53.875,0,5.319225288,1,7.322603124,-18.75,0
338,338-C-mono-1-S,C,5,mono,1,S,CS77033,,,,,,,,,,,,,,,,,,,,MostGerm,19,5.89,36,0.28,NA,0.3389,16,0,0,0,0,0,,0,0,0,0,0,,,79,0,5.129418302,1,7.322603124,-15,0
339,339-C-mono-1-C,C,5,mono,1,C,CS76649,,,,,,,,,,,,,,,,,,,,MostGerm,20,10.36,31.1,0.33,NA,0.2721,3,0,0,0,1,1,25,25,100,100,100,100,,,52,0,13.92728137,1,7.322603124,-22,0
340,340-C-mono-1-S,C,5,mono,1,S,CS77287,,,,,,,,,,,,,,,,,,,,FewGerm,7,1.29,NA,NA,NA,0.0339,3,0,1,1,1,1,75,75,100,100,100,100,,,42.125,0,8.792225748,1,7.322603124,-20.25,0
341,341-C-mono-1-C,C,5,mono,1,C,CS76692,,,,,,,,,,,,,,,,,,,,MostGerm,19,15.55,34.9,0.25,NA,0.0382,6,0,0,0,0,0,,0,0,0,0,0,,Too far along in senecsense,82.04166667,0,10.87719806,1,7.322603124,-15.41666667,0
342,342-C-mono-1-S,C,5,mono,1,S,CS77179,,,,,,,,,,,,,,,,,,,,MostGerm,20,2.77,NA,0.03,NA,0.0863,0,0,0,0,0,0,1,1,75,75,75,75,,,50.875,0,4.311823412,1,7.322603124,-18.25,0
343,343-C-mono-1-S,C,5,mono,1,S,CS76441,,,,,,,,,,,,,,,,,,,,MostGerm,20,1.24,NA,0.06,NA,0.0968,17,0,0,0,0,0,,0,0,0,0,0,,Too small for SPAD,77.75,0,11.46153396,1,7.322603124,-7.5,0
344,344-C-pred-2-C,C,5,pred,2,C,CS76769,CS77197,,,,,,,,,,,,,,,,,,,MostGerm,19,11.85,NA,NA,NA,0.2211,18,0,0,0,0,0,,0,0,0,0,0,,,80.3125,108.78125,4.519301139,2,6.774495553,3.041666668,108.78125
345,345-C-mono-1-C,C,5,mono,1,C,CS76774,,,,,,,,,,,,,,,,,,,,MostGerm,20,6.09,24.7,0.1,NA,0.1001,12,0,0,0,0,0,,0,0,0,0,0,,Too small for SPAD,67.70833334,0,5.517336841,1,7.322603124,-4.08333333,0
346,346-C-mono-1-C,C,5,mono,1,C,CS76537,,,,,,,,,,,,,,,,,,,,MostGerm,19,7.42,17.5,0.14,NA,0.076,5,0,0,0,0,0,1,1,75,75,75,75,,,54.125,0,10.54011462,1,7.322603124,-11.25,0
347,347-C-mono-1-C,C,5,mono,1,C,CS76390,,,,,,,,,,,,,,,,,,,,MostGerm,20,NA,34.1,0.13,NA,0.7388,0,0,0,0,0,0,,0,0,0,0,0,,,79.375,0,6.971810948,1,7.322603124,-8.75,0
348,348-C-mono-1-C,C,5,mono,1,C,CS77028,,,,,,,,,,,,,,,,,,,,MostGerm,20,10.72,34.9,0.23,NA,0.6232,10,0,0,0,0,0,,0,0,0,0,0,,,109,0,7.096443569,1,7.322603124,10.5,0
349,349-C-pred-20-S,C,5,pred,20,S,CS77057,CS77033,CS76770,CS76721,CS76360,CS77000,CS76979,CS76769,CS76958,CS77020,CS77197,CS76513,CS77179,CS78848,CS77196,CS77028,CS76409,CS76706,CS76790,CS77126,MostGerm,19,6.87,NA,NA,NA,0.2172,10,0,1,1,1,25,25,25,50,50,50,50,,,72.41041667,264.2118971,5.392296964,20,6.268438054,-7.062499998,264.2118971
350,350-C-pred-2-S,C,5,pred,2,S,CS76689,CS78848,,,,,,,,,,,,,,,,,,,MostGerm,15,2.35,NA,NA,NA,0.3244,14,0,0,0,0,0,,0,0,0,0,0,,,75.0625,108.78125,6.894711155,2,6.674212204,-9.125,108.78125
351,351-C-mono-1-C,C,5,mono,1,C,CS78778,,,,,,,,,,,,,,,,,,,,MostGerm,20,4.66,28.7,0.1,NA,0.1585,0,0,0,1,25,50,75,75,100,100,100,100,,,59,0,8.532668608,1,7.322603124,-26,0
352,352-C-mono-1-S,C,5,mono,1,S,CS76769,,,,,,,,,,,,,,,,,,,,MostGerm,20,2.34,29.8,0.11,NA,0.0664,5,0,0,0,0,0,,0,0,0,0,0,,,69.16666667,0,4.109676849,1,7.322603124,-4.333333333,0
353,353-C-mono-1-S,C,5,mono,1,S,CS76674,,,,,,,,,,,,,,,,,,,,MostGerm,20,9.08,32.1,0.22,NA,1.0578,14,0,0,0,0,0,,0,0,0,0,0,,,75.875,0,8.257826396,1,7.322603124,-7.25,0
354,354-C-mono-1-S,C,5,mono,1,S,CS76836,,,,,,,,,,,,,,,,,,,,MostGerm,11,1.22,NA,0.04,NA,0.4089,0,0,0,0,0,0,,0,0,0,0,0,,,72.875,0,4.274002269,1,7.322603124,-9.75,0
355,355-C-mono-1-C,C,5,mono,1,C,CS77020,,,,,,,,,,,,,,,,,,,,MostGerm,19,2.93,NA,NA,NA,0.0619,2,0,0,1,75,75,75,75,75,75,75,75,,Too small for SPAD,52.75,0,5.187052831,1,7.322603124,-25.5,0
356,356-C-pred-10-S,C,5,pred,10,S,CS76979,CS76739,CS76769,CS77020,CS77197,CS76513,CS77179,CS77196,CS76409,CS77126,,,,,,,,,,,MostGerm,15,2.55,NA,NA,NA,0.1434,8,0,0,0,1,1,25,25,50,50,50,50,,,72.23333334,456.6407411,4.986408859,10,6.31180401,-4.949999996,456.6407411
357,357-C-mono-1-S,C,5,mono,1,S,CS76774,,,,,,,,,,,,,,,,,,,,MostGerm,20,6.06,28,0.13,NA,0.5882,11,0,0,0,0,0,,0,0,0,25,25,,Too far along in senecsense,67.70833334,0,5.517336841,1,7.322603124,-4.08333333,0
358,358-C-mono-1-S,C,5,mono,1,S,CS76886,,,,,,,,,,,,,,,,,,,,MostGerm,20,2.84,37.9,0.12,NA,0.2779,13,0,0,0,0,0,,0,0,0,0,0,,,92,0,8.630416859,1,7.322603124,-4.666666663,0
359,359-C-div-10-S,C,5,div,10,S,CS77229,CS76692,CS77020,CS76741,CS77387,CS76691,CS77000,CS76693,CS76958,CS76689,,,,,,,,,,,MostGerm,20,1.64,NA,NA,NA,0.3241,8,0,1,1,1,1,1,1,1,1,1,1,,,72.23333333,90.7580247,7.752214815,10,6.406301844,-6.3,90.7580247
360,360-C-mono-1-S,C,5,mono,1,S,CS76790,,,,,,,,,,,,,,,,,,,,MostGerm,20,2.77,NA,NA,NA,0.0367,0,0,25,0,50,75,75,75,75,75,75,75,starting to brown,,55.875,0,5.881856565,1,7.322603124,-10.75,0
361,361-D-mono-1-C,D,1,mono,1,C,CS76836,,,,,,,,,,,,,,,,,,,,MostGerm,17,9.05,30.9,0.21,NA,0.1866,8,0,0,0,0,0,0,0,0,0,1,1,,Too far along in senecsense,72.875,0,4.274002269,1,7.322603124,-9.75,0
362,362-D-div-20-S,D,1,div,20,S,CS76790,CS76689,CS76409,CS77028,CS76721,CS76786,CS76979,CS77126,CS76836,CS76513,CS78778,CS78848,CS77006,CS76473,CS76692,CS76854,CS77287,CS76441,CS76953,CS77196,MostGerm,16,2.26,NA,NA,NA,NA,0,1,1,1,0,1,1,1,0,0,0,0,destroyed by cow,,72.06041667,272.4392364,7.599633853,20,6.270309217,-7.479166664,272.4392364
363,363-D-mono-1-C,D,1,mono,1,C,CS76978,,,,,,,,,,,,,,,,,,,,MostGerm,18,12.13,NA,NA,NA,NA,0,0,0,0,0,0,,0,0,1,1,1,destroyed by cow,,73.79166667,0,3.964834343,1,7.322603124,-7.083333333,0
364,364-D-div-10-C,D,1,div,10,C,CS77000,CS77033,CS77028,CS76790,CS76836,CS76649,CS78778,CS77197,CS76721,CS76642,,,,,,,,,,,MostGerm,19,19.68,NA,NA,NA,0.368,9,0,0,1,25,25,25,25,25,25,25,25,,,74.67083333,153.0127315,6.868159039,10,6.35735624,-6.708333333,153.0127315
365,365-D-mono-1-S,D,1,mono,1,S,CS77057,,,,,,,,,,,,,,,,,,,,MostGerm,18,NA,25.5,0.13,NA,0.1213,0,0,50,75,75,75,75,75,75,100,100,100,,Pot fully destroyed,53.875,0,5.319225288,1,7.322603124,-18.75,0
366,366-D-mono-1-S,D,1,mono,1,S,CS76473,,,,,,,,,,,,,,,,,,,,MostGerm,18,3.56,NA,NA,NA,0.1053,0,0,1,25,50,75,75,75,100,100,100,100,,,52.625,0,16.17027133,1,7.322603124,-21.75,0
367,367-D-mono-1-C,D,1,mono,1,C,CS77107,,,,,,,,,,,,,,,,,,,,MostGerm,20,7.00,NA,0.11,NA,NA,0,0,0,0,0,0,,0,0,0,0,0,,"Too far along in senecsense, lots of culling leaves",61.625,0,7.533433731,1,7.322603124,9.75,0
368,368-D-mono-1-S,D,1,mono,1,S,CS76769,,,,,,,,,,,,,,,,,,,,MostGerm,16,7.64,25.5,0.15,NA,NA,0,0,0,0,0,0,,0,0,0,0,0,,"Pot partially destroyed, too small for SPAD",69.16666667,0,4.109676849,1,7.322603124,-4.333333333,0
369,369-D-mono-1-S,D,1,mono,1,S,CS76999,,,,,,,,,,,,,,,,,,,,MostGerm,19,3.05,31.6,0.15,NA,0.2796,13,0,0,0,0,0,,0,0,0,0,0,,,82.25,0,6.971810948,1,7.322603124,-3,0
370,370-D-div-2-C,D,1,div,2,C,CS77126,CS76632,,,,,,,,,,,,,,,,,,,MostGerm,20,12.00,NA,NA,NA,0.1052,0,0,75,75,50,75,75,75,75,100,100,100,started to dry,,56.4375,132.03125,4.984556653,2,6.822559575,-26.375,132.03125
371,371-D-mono-1-S,D,1,mono,1,S,CS77000,,,,,,,,,,,,,,,,,,,,MostGerm,19,NA,NA,0.04,NA,0.0672,8,0,0,0,0,0,,0,0,0,0,0,washed out on 6/10/18,,83,0,6.971810948,1,7.322603124,-0.5,0
372,372-D-mono-1-C,D,1,mono,1,C,CS77179,,,,,,,,,,,,,,,,,,,,MostGerm,20,33.19,25.5,0.21,NA,0.5823,0,0,25,75,100,100,100,100,100,100,100,100,,Too small for SPAD,50.875,0,4.311823412,1,7.322603124,-18.25,0
373,373-D-mono-1-S,D,1,mono,1,S,CS77002,,,,,,,,,,,,,,,,,,,,MostGerm,17,1.65,29.2,0.23,NA,0.3864,11,0,0,0,0,0,,0,0,0,0,0,,,78,0,6.971810948,1,7.322603124,1.5,0
374,374-D-mono-1-S,D,1,mono,1,S,CS77000,,,,,,,,,,,,,,,,,,,,HalfGerm,10,3.34,30.6,0.18,NA,NA,0,0,0,0,0,0,,0,0,0,0,0,,,83,0,6.971810948,1,7.322603124,-0.5,0
375,375-D-pred-10-C,D,1,pred,10,C,CS76854,CS77057,CS78778,CS76996,CS77287,CS77179,CS76786,CS76706,CS76790,CS76473,,,,,,,,,,,MostGerm,19,NA,NA,NA,NA,0.0997,0,0,75,100,75,75,75,75,75,75,75,75,,,51.9125,17.28125,7.975345933,10,6.408472192,-18.875,17.28125
376,376-D-mono-1-C,D,1,mono,1,C,CS76769,,,,,,,,,,,,,,,,,,,,MostGerm,20,19.08,38.2,0.41,NA,0.1542,8,0,0,0,0,0,,0,0,0,0,0,,,69.16666667,0,4.109676849,1,7.322603124,-4.333333333,0
377,377-D-mono-1-S,D,1,mono,1,S,CS77000,,,,,,,,,,,,,,,,,,,,MostGerm,17,4.85,30.4,0.16,NA,0.2898,10,0,0,0,0,0,,0,0,0,0,0,,,83,0,6.971810948,1,7.322603124,-0.5,0
378,378-D-mono-1-S,D,1,mono,1,S,CS76998,,,,,,,,,,,,,,,,,,,,MostGerm,16,4.92,38.1,0.34,NA,NA,0,0,0,0,0,0,,0,0,0,0,0,,,75.75,0,6.971810948,1,7.322603124,-3.5,0
379,379-D-pred-20-C,D,1,pred,20,C,CS77057,CS77033,CS76770,CS76721,CS76360,CS77000,CS76979,CS76769,CS76958,CS77020,CS77197,CS76513,CS77179,CS78848,CS77196,CS77028,CS76409,CS76706,CS76790,CS77126,MostGerm,19,NA,NA,NA,NA,0.1851,5,0,25,25,25,25,25,25,25,25,25,25,,,72.41041667,264.2118971,5.392296964,20,6.268438054,-7.062499998,264.2118971
380,380-D-mono-1-S,D,1,mono,1,S,CS78841,,,,,,,,,,,,,,,,,,,,MostGerm,18,2.54,27.5,0.23,NA,0.1357,0,0,0,0,0,0,,0,50,50,75,75,,,67,0,7.852918209,1,7.322603124,-12,0
381,381-D-pred-10-C,D,1,pred,10,C,CS76649,CS76994,CS77020,CS77387,CS76537,CS76513,CS77179,CS76650,CS76790,CS77126,,,,,,,,,,,MostGerm,20,7.43,NA,NA,NA,0.232,1,1,50,50,75,75,75,75,75,75,75,75,,,53.4875,92.61180556,7.589944651,10,6.38191378,-16.825,92.61180556
382,382-D-div-20-C,D,1,div,20,C,CS76790,CS76689,CS76409,CS77028,CS76721,CS76786,CS76979,CS77126,CS76836,CS76513,CS78778,CS78848,CS77006,CS76473,CS76692,CS76854,CS77287,CS76441,CS76953,CS77196,MostGerm,19,11.43,NA,NA,NA,0.2542,5,0,1,1,25,25,25,50,50,50,50,50,,,72.06041667,272.4392364,7.599633853,20,6.270309217,-7.479166664,272.4392364
383,383-D-mono-1-S,D,1,mono,1,S,CS77126,,,,,,,,,,,,,,,,,,,,MostGerm,19,7.88,NA,0.11,NA,0.1024,0,0,75,75,75,75,75,75,0,0,0,0,starting to dry,,51.625,0,5.256160687,1,7.322603124,-18.25,0
384,384-D-mono-1-S,D,1,mono,1,S,CS76854,,,,,,,,,,,,,,,,,,,,MostGerm,20,3.09,NA,NA,NA,0.104,0,0,50,75,50,75,75,75,100,100,100,100,,"Pot partially destroyed, too small for SPAD",52.5,0,7.538771008,1,7.322603124,-15,0
385,385-D-mono-1-S,D,2,mono,1,S,CS76473,,,,,,,,,,,,,,,,,,,,MostGerm,17,10.61,25.2,0.31,NA,0.2438,0,0,0,1,50,75,75,75,100,100,100,100,,Too far along in senecsense,52.625,0,16.17027133,1,7.322603124,-21.75,0
386,386-D-mono-1-S,D,2,mono,1,S,CS78848,,,,,,,,,,,,,,,,,,,,FewGerm,3,1.15,34.1,0.2,NA,NA,0,0,0,0,0,0,,0,0,0,0,0,,Lots of bract leaves,81.25,0,5.905703184,1,7.322603124,-16.5,0
387,387-D-mono-1-C,D,2,mono,1,C,CS76513,,,,,,,,,,,,,,,,,,,,MostGerm,18,20.14,21,0.28,NA,0.6354,0,0,1,75,75,100,100,100,100,100,100,100,,,57.5,0,5.229377078,1,7.322603124,-28,0
388,388-D-pred-10-S,D,2,pred,10,S,CS76854,CS77057,CS78778,CS76996,CS77287,CS77179,CS76786,CS76706,CS76790,CS76473,,,,,,,,,,,HalfGerm,9,3.46,NA,NA,NA,0.1116,0,0,1,25,25,50,50,50,75,100,100,100,,,51.9125,17.28125,7.975345933,10,6.408472192,-18.875,17.28125
389,389-D-mono-1-S,D,2,mono,1,S,CS77126,,,,,,,,,,,,,,,,,,,,MostGerm,17,7.96,NA,0.14,NA,0.3071,0,0,0,1,25,50,75,75,75,100,100,100,,,51.625,0,5.256160687,1,7.322603124,-18.25,0
390,390-D-pred-10-S,D,2,pred,10,S,CS77057,CS76979,CS76958,CS76978,CS77020,CS77197,CS77179,CS77196,CS76706,CS77126,,,,,,,,,,,MostGerm,20,5.92,NA,NA,NA,NA,0,0,1,50,50,50,50,50,0,0,0,0,destroyed by cow,,69.15416667,132.7673611,4.771147959,10,6.330838024,-10.375,132.7673611
391,391-D-pred-20-S,D,2,pred,20,S,CS77057,CS76836,CS76741,CS76998,CS77033,CS76770,CS77190,CS76958,CS76978,CS77020,CS76774,CS77229,CS78848,CS77196,CS77028,CS76409,CS76650,CS76642,CS76706,CS77126,MostGerm,17,4.93,NA,NA,NA,0.2271,7,0,1,1,1,1,1,1,25,50,50,50,,,71.00416667,246.8942984,5.668904523,20,6.251193077,-7.549999998,246.8942984
392,392-D-mono-1-S,D,2,mono,1,S,CS76537,,,,,,,,,,,,,,,,,,,,MostGerm,20,10.40,25.2,0.28,NA,0.1136,0,0,0,1,1,25,50,50,75,75,75,75,,Too small for SPAD,54.125,0,10.54011462,1,7.322603124,-11.25,0
393,393-D-mono-1-C,D,2,mono,1,C,CS76473,,,,,,,,,,,,,,,,,,,,MostGerm,17,10.62,20.9,0.2,NA,0.2594,0,0,0,0,75,100,100,100,100,100,100,100,,,52.625,0,16.17027133,1,7.322603124,-21.75,0
394,394-D-mono-1-C,D,2,mono,1,C,CS77023,,,,,,,,,,,,,,,,,,,,MostGerm,20,20.16,35.5,0.31,NA,0.4662,11,0,0,0,0,0,,0,0,0,0,0,,Lots of bract leaves,95.75,0,7.734496823,1,7.322603124,5,0
395,395-D-mono-1-C,D,2,mono,1,C,CS76721,,,,,,,,,,,,,,,,,,,,MostGerm,19,32.95,43.8,0.28,NA,0.9096,17,0,0,0,0,0,,0,0,0,0,0,,,80.5,0,5.411741158,1,7.322603124,-3.5,0
396,396-D-mono-1-S,D,2,mono,1,S,CS77020,,,,,,,,,,,,,,,,,,,,MostGerm,16,0.00,NA,NA,NA,NA,0,0,0,0,0,0,,0,0,0,0,0,washed out on 6/10/18,,52.75,0,5.187052831,1,7.322603124,-25.5,0
397,397-D-mono-1-C,D,2,mono,1,C,CS77196,,,,,,,,,,,,,,,,,,,,MostGerm,18,17.45,39.3,0.26,NA,0.0212,3,0,0,0,0,0,,0,0,0,0,0,,No plants,90.04166667,0,5.492889408,1,7.322603124,1.416666667,0
398,398-D-mono-1-C,D,2,mono,1,C,CS77001,,,,,,,,,,,,,,,,,,,,MostGerm,20,18.26,27,0.13,NA,0.3539,17,0,0,0,0,0,,0,0,0,0,0,,,60.375,0,6.971810948,1,7.322603124,-0.75,0
399,399-D-mono-1-S,D,2,mono,1,S,CS76695,,,,,,,,,,,,,,,,,,,,MostGerm,20,3.53,NA,0.09,NA,NA,0,0,0,0,0,0,,0,0,0,0,0,,,59.66666667,0,10.31779842,1,7.322603124,1.33333333,0
400,400-D-mono-1-S,D,2,mono,1,S,CS77107,,,,,,,,,,,,,,,,,,,,MostGerm,20,4.45,NA,0.07,NA,0.2874,18,0,0,0,0,0,,0,0,0,0,0,,Too small for SPAD,61.625,0,7.533433731,1,7.322603124,9.75,0
401,401-D-mono-1-S,D,2,mono,1,S,CS77197,,,,,,,,,,,,,,,,,,,,MostGerm,19,16.13,34.9,0.38,NA,0.3798,6,0,0,0,0,0,,0,0,0,0,0,,Too small for SPAD,91.45833334,0,4.928925429,1,7.322603124,10.41666667,0
402,402-D-pred-10-C,D,2,pred,10,C,CS76979,CS76739,CS76769,CS77020,CS77197,CS76513,CS77179,CS77196,CS76409,CS77126,,,,,,,,,,,MostGerm,19,6.67,NA,NA,NA,0.1241,5,0,0,1,25,25,25,25,25,25,25,25,,,72.23333334,456.6407411,4.986408859,10,6.31180401,-4.949999996,456.6407411
403,403-D-mono-1-S,D,2,mono,1,S,CS76649,,,,,,,,,,,,,,,,,,,,MostGerm,19,3.97,NA,0.06,NA,0.1376,4,0,1,25,50,75,75,75,75,75,75,75,,,52,0,13.92728137,1,7.322603124,-22,0
404,404-D-mono-1-S,D,2,mono,1,S,CS78841,,,,,,,,,,,,,,,,,,,,MostGerm,18,3.60,34,0.13,NA,0.1089,0,0,0,0,0,0,,0,50,75,100,100,,Too small for SPAD,67,0,7.852918209,1,7.322603124,-12,0
405,405-D-mono-1-C,D,2,mono,1,C,CS76854,,,,,,,,,,,,,,,,,,,,MostGerm,17,13.27,20.5,0.19,NA,NA,0,0,0,0,25,25,75,75,75,100,100,100,,,52.5,0,7.538771008,1,7.322603124,-15,0
406,406-D-mono-1-C,D,2,mono,1,C,CS76979,,,,,,,,,,,,,,,,,,,,MostGerm,20,16.63,38.9,0.54,NA,0.1115,4,0,0,0,0,0,,0,0,0,0,0,washed out on 6/15/18,,89.375,0,4.010340511,1,7.322603124,-2.25,0
407,407-D-mono-1-S,D,2,mono,1,S,CS77002,,,,,,,,,,,,,,,,,,,,MostGerm,16,7.34,33.3,0.33,NA,NA,0,0,0,0,0,0,,0,0,0,0,0,,,78,0,6.971810948,1,7.322603124,1.5,0
408,408-D-pred-20-S,D,2,pred,20,S,CS76836,CS76441,CS76689,CS77190,CS77000,CS76979,CS76739,CS76390,CS76769,CS76958,CS76978,CS77197,CS77023,CS76999,CS77006,CS76693,CS77004,CS76409,CS76953,CS76692,MostGerm,18,8.40,NA,NA,NA,0.1312,8,0,0,0,0,0,,0,1,1,1,1,,,82.05416667,213.7423979,6.720990401,20,6.338725341,-2.899999997,213.7423979
409,409-D-mono-1-C,D,3,mono,1,C,CS76706,,,,,,,,,,,,,,,,,,,,MostGerm,20,6.71,NA,0.15,NA,0.2804,0,0,25,50,50,75,100,100,100,100,100,100,,,55.625,0,4.94417205,1,7.322603124,-20.25,0
410,410-D-mono-1-C,D,3,mono,1,C,CS77057,,,,,,,,,,,,,,,,,,,,MostGerm,18,3.46,NA,NA,NA,0.0214,0,0,0,25,0,0,25,25,75,75,75,75,washed out on 6/15/18,Too small for SPAD,53.875,0,5.319225288,1,7.322603124,-18.75,0
411,411-D-mono-1-C,D,3,mono,1,C,CS78848,,,,,,,,,,,,,,,,,,,,FewGerm,4,2.64,28.5,0.19,NA,0.0098,1,0,0,0,0,0,,0,0,0,0,0,,Too far along in senecsense,81.25,0,5.905703184,1,7.322603124,-16.5,0
412,412-D-mono-1-C,D,3,mono,1,C,CS76642,,,,,,,,,,,,,,,,,,,,FewGerm,3,0.77,26.6,0.14,NA,0.0195,0,0,0,0,0,0,,0,75,75,75,75,,,64,0,6.527442179,1,7.322603124,-0.5,0
413,413-D-mono-1-C,D,3,mono,1,C,CS76650,,,,,,,,,,,,,,,,,,,,MostGerm,17,3.91,27.4,0.12,NA,0.0968,10,0,0,0,0,0,,0,0,0,0,0,,,53.75,0,7.110950191,1,7.322603124,-5,0
414,414-D-mono-1-C,D,3,mono,1,C,CS77387,,,,,,,,,,,,,,,,,,,,MostGerm,18,NA,NA,NA,NA,0.024,0,1,75,75,0,50,50,50,75,75,75,75,all infl. crushed on 6/15/18,,50.875,0,7.91471514,1,7.322603124,-0.75,0
415,415-D-mono-1-S,D,3,mono,1,S,CS76537,,,,,,,,,,,,,,,,,,,,MostGerm,19,4.82,29.4,0.22,NA,NA,0,0,0,1,0,1,25,25,100,100,100,100,,Too far along in senecsense,54.125,0,10.54011462,1,7.322603124,-11.25,0
416,416-D-pred-10-C,D,3,pred,10,C,CS77057,CS77190,CS77000,CS76979,CS76978,CS77020,CS77197,CS78848,CS77196,CS77126,,,,,,,,,,,MostGerm,17,4.57,NA,NA,NA,0.3007,6,0,0,1,1,1,1,1,25,25,25,25,,,73.85416667,164.5979167,5.31080018,10,6.269276451,-10.575,164.5979167
417,417-D-mono-1-S,D,3,mono,1,S,CS77006,,,,,,,,,,,,,,,,,,,,MostGerm,14,3.08,NA,0.08,NA,0.1465,15,0,0,0,0,0,,0,0,0,0,0,,,73.125,0,6.971810948,1,7.322603124,-5.75,0
418,418-D-mono-1-S,D,3,mono,1,S,CS77229,,,,,,,,,,,,,,,,,,,,MostGerm,18,5.18,NA,0.2,NA,0.1075,0,0,0,0,0,0,,0,50,75,75,75,,"Very purple leaves, too small for SPAD",67.25,0,6.373313532,1,7.322603124,-16,0
419,419-D-mono-1-C,D,3,mono,1,C,CS76706,,,,,,,,,,,,,,,,,,,,MostGerm,20,3.71,NA,NA,NA,0.0153,0,0,75,100,50,75,100,100,100,100,100,100,,,55.625,0,4.94417205,1,7.322603124,-20.25,0
420,420-D-mono-1-C,D,3,mono,1,C,CS76769,,,,,,,,,,,,,,,,,,,,MostGerm,18,7.40,27.1,0.12,NA,0.2067,17,0,0,0,0,0,,0,0,0,0,0,,Too far along in senecsense,69.16666667,0,4.109676849,1,7.322603124,-4.333333333,0
421,421-D-mono-1-C,D,3,mono,1,C,CS77023,,,,,,,,,,,,,,,,,,,,MostGerm,20,4.53,26.3,0.22,NA,0.0973,13,0,0,0,0,0,,0,0,0,0,0,,Purple leaves,95.75,0,7.734496823,1,7.322603124,5,0
422,422-D-mono-1-C,D,3,mono,1,C,CS76695,,,,,,,,,,,,,,,,,,,,MostGerm,20,5.44,27.7,0.17,NA,0.0713,9,0,0,0,0,0,,0,0,0,1,1,,,59.66666667,0,10.31779842,1,7.322603124,1.33333333,0
423,423-D-mono-1-C,D,3,mono,1,C,CS76958,,,,,,,,,,,,,,,,,,,,MostGerm,19,5.83,26.6,0.12,NA,0.3401,16,0,0,0,0,0,,0,0,0,0,0,,,82.125,0,4.296055631,1,7.322603124,-5.25,0
424,424-D-mono-1-S,D,3,mono,1,S,CS76689,,,,,,,,,,,,,,,,,,,,MostGerm,20,3.01,22.8,0.11,NA,0.1414,12,0,0,0,0,0,,0,0,0,0,0,,,68.875,0,7.883719125,1,7.322603124,-1.75,0
425,425-D-div-10-S,D,3,div,10,S,CS76854,CS77006,CS76979,CS76706,CS76978,CS76996,CS76886,CS77033,CS76390,CS76650,,,,,,,,,,,MostGerm,18,1.04,NA,NA,NA,0.0454,12,0,0,1,1,1,1,1,1,25,25,25,,,69.46666667,46.75154321,6.249873726,10,6.349542674,-10.5,46.75154321
426,426-D-mono-1-S,D,3,mono,1,S,CS76958,,,,,,,,,,,,,,,,,,,,MostGerm,19,2.15,31.1,0.13,NA,0.1026,16,0,0,0,0,0,,0,0,0,0,0,,,82.125,0,4.296055631,1,7.322603124,-5.25,0
427,427-D-mono-1-S,D,3,mono,1,S,CS77287,,,,,,,,,,,,,,,,,,,,MostGerm,20,0.51,NA,0.05,NA,0.0094,4,1,25,25,1,1,25,25,50,75,75,75,,,42.125,0,8.792225748,1,7.322603124,-20.25,0
428,428-D-mono-1-C,D,3,mono,1,C,CS76409,,,,,,,,,,,,,,,,,,,,FewGerm,19,0.81,NA,0.08,NA,0.074,9,0,0,0,0,0,,0,0,0,0,0,,Too small for SPAD,88.16666668,0,6.435859961,1,7.322603124,45.00000003,0
429,429-D-mono-1-S,D,3,mono,1,S,CS77190,,,,,,,,,,,,,,,,,,,,MostGerm,17,2.06,NA,0.05,NA,0.0458,7,0,0,0,0,0,,0,0,0,0,0,,Too small for SPAD,71.375,0,6.071059173,1,7.322603124,-28.75,0
430,430-D-mono-1-S,D,3,mono,1,S,CS76978,,,,,,,,,,,,,,,,,,,,MostGerm,18,2.48,NA,0.05,NA,0.1283,9,0,0,0,0,0,,0,0,0,0,0,,Too small for SPAD,73.79166667,0,3.964834343,1,7.322603124,-7.083333333,0
431,431-D-mono-1-C,D,3,mono,1,C,CS77190,,,,,,,,,,,,,,,,,,,,MostGerm,20,6.97,NA,0.11,NA,0.0641,0,0,0,0,0,0,,0,0,25,25,25,,Too small for SPAD,71.375,0,6.071059173,1,7.322603124,-28.75,0
432,432-D-pred-10-C,D,3,pred,10,C,CS77000,CS76739,CS76691,CS77023,CS76999,CS76693,CS77028,CS76409,CS76953,CS76692,,,,,,,,,,,MostGerm,20,5.75,NA,NA,NA,0.0981,18,0,0,0,0,0,,0,0,0,0,0,,,89.94583334,272.9281639,8.049355689,10,6.420481261,4.841666673,272.9281639
433,433-D-mono-1-S,D,4,mono,1,S,CS76693,,,,,,,,,,,,,,,,,,,,MostGerm,13,4.30,31.2,0.16,NA,0.1859,12,0,1,1,0,0,,0,0,0,0,0,,Too small for SPAD,91.25,0,10.87719806,1,7.322603124,-1.5,0
434,434-D-div-10-C,D,4,div,10,C,CS77001,CS77197,CS77387,CS76706,CS76513,CS76473,CS76774,CS77287,CS76994,CS76958,,,,,,,,,,,MostGerm,19,1.96,NA,NA,NA,0.0164,1,0,0,25,25,25,25,25,25,25,25,25,,,61.59166667,180.3595679,7.530500482,10,6.363289359,-11.91666667,180.3595679
435,435-D-pred-10-C,D,4,pred,10,C,CS76854,CS76886,CS77190,CS76958,CS77020,CS77023,CS78848,CS77196,CS76409,CS76786,,,,,,,,,,,MostGerm,16,4.03,NA,NA,NA,0.1043,7,0,0,0,1,1,1,1,25,25,25,25,,,75.64583334,442.0670528,6.83285381,10,6.255490507,-6.074999996,442.0670528
436,436-D-mono-1-S,D,4,mono,1,S,CS76741,,,,,,,,,,,,,,,,,,,,MostGerm,16,NA,NA,NA,NA,NA,0,0,0,0,0,0,,0,0,0,0,0,washed out on 6/10/18,,64,0,6.24819939,1,7.322603124,-2,0
437,437-D-pred-2-C,D,4,pred,2,C,CS76689,CS78848,,,,,,,,,,,,,,,,,,,MostGerm,13,4.61,NA,NA,NA,0.1611,11,0,0,0,0,0,,0,0,0,0,0,,,75.0625,108.78125,6.894711155,2,6.674212204,-9.125,108.78125
438,438-D-mono-1-C,D,4,mono,1,C,CS78778,,,,,,,,,,,,,,,,,,,,MostGerm,19,4.32,NA,NA,NA,0.0631,4,0,75,75,50,75,75,75,75,75,75,75,,Pot washed out by rain,59,0,8.532668608,1,7.322603124,-26,0
439,439-D-mono-1-S,D,4,mono,1,S,CS76994,,,,,,,,,,,,,,,,,,,,MostGerm,18,2.61,NA,NA,NA,NA,0,0,0,0,0,0,25,25,NA,0,0,0,destroyed by cow,Too far along in senecsense,55.5,0,10.54011462,1,7.322603124,-28.5,0
440,440-D-mono-1-S,D,4,mono,1,S,CS76953,,,,,,,,,,,,,,,,,,,,FewGerm,14,1.48,29.9,0.18,NA,0.0966,4,0,0,0,0,0,,0,0,0,0,0,,Pot fully destroyed,106.4583334,0,7.733870673,1,7.322603124,12.4166667,0
441,441-D-div-2-C,D,4,div,2,C,CS76409,CS76650,,,,,,,,,,,,,,,,,,,FewGerm,16,2.86,NA,NA,NA,0.1471,17,0,0,0,0,0,,0,0,0,0,0,,,70.95833334,1250.000002,6.773405076,2,6.757999816,20.00000002,1250.000002
442,442-D-mono-1-S,D,4,mono,1,S,CS76790,,,,,,,,,,,,,,,,,,,,MostGerm,20,3.57,NA,NA,NA,0.1021,2,0,25,100,75,75,75,75,75,75,75,75,,,55.875,0,5.881856565,1,7.322603124,-10.75,0
443,443-D-pred-10-C,D,4,pred,10,C,CS77057,CS77033,CS76770,CS76739,CS76769,CS76958,CS77197,CS78848,CS77196,CS76409,,,,,,,,,,,MostGerm,18,3.74,NA,NA,NA,0.0682,4,0,25,25,1,1,1,1,1,1,1,1,,,78.25833334,355.9740744,5.177589716,10,6.280668864,-2.449999996,355.9740744
444,444-D-pred-20-S,D,4,pred,20,S,CS77057,CS76836,CS76886,CS77033,CS77190,CS76360,CS77000,CS77020,CS76537,CS76513,CS77023,CS76693,CS78848,CS77196,CS77028,CS76409,CS76650,CS76786,CS76642,CS77126,MostGerm,14,1.49,NA,NA,NA,0.0085,0,0,0,1,1,1,1,1,25,25,25,25,,,72.63541667,270.7635053,6.874855019,20,6.236870239,-7.412499998,270.7635053
445,445-D-mono-1-S,D,4,mono,1,S,CS76721,,,,,,,,,,,,,,,,,,,,MostGerm,16,4.44,34.5,0.16,NA,0.1484,0,0,0,0,0,0,,0,0,0,0,0,,Too far along in senecsense,80.5,0,5.411741158,1,7.322603124,-3.5,0
446,446-D-mono-1-S,D,4,mono,1,S,CS77229,,,,,,,,,,,,,,,,,,,,MostGerm,15,5.02,31.2,0.12,NA,0.0973,2,0,0,0,0,0,25,25,100,100,100,100,,,67.25,0,6.373313532,1,7.322603124,-16,0
447,447-D-div-2-C,D,4,div,2,C,CS76994,CS76739,,,,,,,,,,,,,,,,,,,MostGerm,20,4.97,NA,NA,NA,0.0506,4,0,0,50,25,25,25,25,0,0,0,0,,,68.4375,175.78125,7.72104852,2,6.77782041,-19.125,175.78125
448,448-D-mono-1-C,D,4,mono,1,C,CS76689,,,,,,,,,,,,,,,,,,,,MostGerm,20,3.12,NA,0.07,NA,0.2684,19,0,0,0,0,0,,0,0,0,0,0,,Leaves are very purple,68.875,0,7.883719125,1,7.322603124,-1.75,0
449,449-D-mono-1-S,D,4,mono,1,S,CS76741,,,,,,,,,,,,,,,,,,,,MostGerm,14,4.77,25.1,0.14,NA,0.1709,9,0,0,0,0,0,,0,0,0,0,0,,Too small for SPAD,64,0,6.24819939,1,7.322603124,-2,0
450,450-D-pred-10-S,D,4,pred,10,S,CS77057,CS77033,CS76770,CS76739,CS76769,CS76958,CS77197,CS78848,CS77196,CS76409,,,,,,,,,,,MostGerm,17,0.98,NA,NA,NA,0.1642,9,0,0,0,0,0,1,1,1,1,1,1,washed out on 6/15/18,,78.25833334,355.9740744,5.177589716,10,6.280668864,-2.449999996,355.9740744
451,451-D-mono-1-S,D,4,mono,1,S,CS77107,,,,,,,,,,,,,,,,,,,,MostGerm,17,3.38,27.6,0.14,NA,0.0083,2,0,0,0,0,0,,0,0,0,0,0,,,61.625,0,7.533433731,1,7.322603124,9.75,0
452,452-D-mono-1-S,D,4,mono,1,S,CS77179,,,,,,,,,,,,,,,,,,,,MostGerm,17,2.47,25.3,0.1,NA,0.0537,0,0,0,25,25,50,75,75,75,75,75,75,starting to brown 6/20,,50.875,0,4.311823412,1,7.322603124,-18.25,0
453,453-D-div-20-C,D,4,div,20,C,CS77002,CS77020,CS76689,CS76854,CS76998,CS76953,CS76632,CS76886,CS76390,CS77197,CS78848,CS78841,CS77287,CS77190,CS77023,CS76650,CS76739,CS76409,CS76473,CS76836,MostGerm,18,5.67,NA,NA,NA,0.2334,10,0,1,1,0,1,1,1,25,25,25,25,,,73.23541667,305.8686223,7.139030535,20,6.280674618,-7.154166663,305.8686223
454,454-D-div-20-C,D,4,div,20,C,CS77001,CS76979,CS76360,CS76649,CS76441,CS77387,CS77002,CS77033,CS76774,CS77126,CS76537,CS76958,CS77000,CS77006,CS77229,CS76741,CS76691,CS76632,CS76692,CS76978,MostGerm,19,5.20,NA,NA,NA,0.0427,0,0,1,1,1,1,1,1,0,0,0,0,,,69.42291667,90.28982091,7.284041498,20,6.341161933,-8.545833333,90.28982091
455,455-D-mono-1-C,D,4,mono,1,C,CS76774,,,,,,,,,,,,,,,,,,,,FewGerm,4,1.60,25.4,0.17,NA,0.017,2,0,0,0,0,0,,0,0,0,0,0,,,67.70833334,0,5.517336841,1,7.322603124,-4.08333333,0
456,456-D-div-2-S,D,4,div,2,S,CS76649,CS76786,,,,,,,,,,,,,,,,,,,MostGerm,14,1.06,NA,NA,NA,0.0446,0,0,1,25,1,25,100,100,100,100,100,100,,,51.25,15.125,12.48175729,2,6.761103288,-19.25,15.125
457,457-D-mono-1-C,D,5,mono,1,C,CS77126,,,,,,,,,,,,,,,,,,,,MostGerm,19,3.56,NA,NA,NA,0.0325,0,0,0,25,1,1,50,75,75,75,75,75,,,51.625,0,5.256160687,1,7.322603124,-18.25,0
458,458-D-mono-1-C,D,5,mono,1,C,CS77196,,,,,,,,,,,,,,,,,,,,MostGerm,20,4.19,37.9,0.12,NA,0.0461,6,0,0,0,0,0,,0,0,0,0,0,,"Too far along in senecsense, a few rosette leaves left",90.04166667,0,5.492889408,1,7.322603124,1.416666667,0
459,459-D-mono-1-C,D,5,mono,1,C,CS76693,,,,,,,,,,,,,,,,,,,,MostGerm,20,5.87,33.1,0.15,NA,0.0935,10,0,0,0,0,0,,0,0,0,0,0,,,91.25,0,10.87719806,1,7.322603124,-1.5,0
460,460-D-mono-1-S,D,5,mono,1,S,CS76998,,,,,,,,,,,,,,,,,,,,MostGerm,19,3.75,30.6,0.12,NA,0.2355,20,0,0,0,0,0,,0,0,0,0,0,,,75.75,0,6.971810948,1,7.322603124,-3.5,0
461,461-D-pred-20-C,D,5,pred,20,C,CS77057,CS76886,CS77033,CS76770,CS77190,CS76649,CS76691,CS76958,CS77020,CS76774,CS77023,CS78848,CS77196,CS77004,CS76409,CS76650,CS76786,CS76642,CS76790,CS77126,MostGerm,13,1.72,NA,NA,NA,0.0675,4,0,0,0,0,1,1,1,25,50,50,50,,,70.47916667,255.3643277,6.929014779,20,6.233972461,-8.283333331,255.3643277
462,462-D-mono-1-S,D,5,mono,1,S,CS76836,,,,,,,,,,,,,,,,,,,,HalfGerm,7,2.28,31.3,0.22,NA,0.0475,3,0,0,0,0,0,,0,0,0,0,0,,,72.875,0,4.274002269,1,7.322603124,-9.75,0
463,463-D-mono-1-S,D,5,mono,1,S,CS77387,,,,,,,,,,,,,,,,,,,,MostGerm,19,0.72,NA,NA,NA,0.0447,0,1,75,75,50,75,75,75,0,1,1,1,,Lots of herbivory,50.875,0,7.91471514,1,7.322603124,-0.75,0
464,464-D-mono-1-S,D,5,mono,1,S,CS76769,,,,,,,,,,,,,,,,,,,,MostGerm,20,6.48,30.5,0.13,NA,0.4337,15,0,0,0,0,0,,0,0,0,0,0,,Too far along in senecsense,69.16666667,0,4.109676849,1,7.322603124,-4.333333333,0
465,465-D-mono-1-C,D,5,mono,1,C,CS76998,,,,,,,,,,,,,,,,,,,,MostGerm,20,10.04,29.5,0.11,NA,0.1594,18,0,0,50,0,0,,0,0,0,0,0,,,75.75,0,6.971810948,1,7.322603124,-3.5,0
466,466-D-div-2-S,D,5,div,2,S,CS76958,CS77023,,,,,,,,,,,,,,,,,,,MostGerm,19,4.24,NA,NA,NA,0.4123,17,0,0,0,0,0,,0,0,0,0,0,,,88.9375,52.53125,6.015276227,2,6.740245143,-0.125,52.53125
467,467-D-mono-1-S,D,5,mono,1,S,CS77197,,,,,,,,,,,,,,,,,,,,MostGerm,20,1.14,NA,0.04,NA,0.114,13,0,0,0,0,0,,0,0,0,0,0,,Purple leaves,91.45833334,0,4.928925429,1,7.322603124,10.41666667,0
468,468-D-mono-1-C,D,5,mono,1,C,CS76770,,,,,,,,,,,,,,,,,,,,MostGerm,15,4.57,35.5,0.14,NA,0.1801,12,0,0,0,0,1,1,1,25,25,25,25,,Too small for SPAD,66.125,0,5.256160687,1,7.322603124,-11.75,0
469,469-D-mono-1-C,D,5,mono,1,C,CS76953,,,,,,,,,,,,,,,,,,,,MostGerm,19,4.86,29.5,0.17,NA,0.2224,18,0,0,0,0,0,,0,0,0,0,0,,,106.4583334,0,7.733870673,1,7.322603124,12.4166667,0
470,470-D-mono-1-S,D,5,mono,1,S,CS76650,,,,,,,,,,,,,,,,,,,,HalfGerm,6,1.39,28.5,0.19,NA,0.1327,8,0,0,0,0,0,,0,0,0,0,0,,,53.75,0,7.110950191,1,7.322603124,-5,0
471,471-D-mono-1-C,D,5,mono,1,C,CS76695,,,,,,,,,,,,,,,,,,,,HalfGerm,13,2.48,NA,0.1,NA,0.0699,6,0,0,0,0,0,,0,0,0,0,0,,,59.66666667,0,10.31779842,1,7.322603124,1.33333333,0
472,472-D-div-2-S,D,5,div,2,S,CS76994,CS76739,,,,,,,,,,,,,,,,,,,MostGerm,18,5.17,NA,NA,NA,0.6273,10,0,0,0,0,0,,0,1,1,1,1,,,68.4375,175.78125,7.72104852,2,6.77782041,-19.125,175.78125
473,473-D-mono-1-S,D,5,mono,1,S,CS77023,,,,,,,,,,,,,,,,,,,,HalfGerm,15,1.59,28.1,0.18,NA,0.1075,12,0,0,0,0,0,,0,0,0,0,0,,"Too small for SPAD, lots of noticible herbivory",95.75,0,7.734496823,1,7.322603124,5,0
474,474-D-div-10-S,D,5,div,10,S,CS76739,CS76886,CS76650,CS76774,CS77057,CS76572,CS76692,CS76632,CS76473,CS76998,,,,,,,,,,,MostGerm,17,2.88,NA,NA,NA,0.0552,2,0,0,0,0,1,1,1,1,50,50,50,,,68.7875,122.9327932,8.670754885,10,6.313805943,-14.59166667,122.9327932
475,475-D-mono-1-S,D,5,mono,1,S,CS77023,,,,,,,,,,,,,,,,,,,,MostGerm,14,5.38,36,0.2,NA,0.4834,15,0,0,0,0,0,,0,0,0,0,0,,,95.75,0,7.734496823,1,7.322603124,5,0
476,476-D-mono-1-C,D,5,mono,1,C,CS77229,,,,,,,,,,,,,,,,,,,,MostGerm,18,2.75,29.7,0.13,NA,0.1017,11,0,0,0,0,0,,0,50,100,100,100,,,67.25,0,6.373313532,1,7.322603124,-16,0
477,477-D-mono-1-C,D,5,mono,1,C,CS76693,,,,,,,,,,,,,,,,,,,,MostGerm,18,2.30,NA,0.08,NA,NA,0,0,0,1,0,0,,0,0,0,0,0,,,91.25,0,10.87719806,1,7.322603124,-1.5,0
478,478-D-mono-1-C,D,5,mono,1,C,CS77197,,,,,,,,,,,,,,,,,,,,MostGerm,20,1.83,33.9,0.18,NA,0.0658,6,0,0,0,0,0,,0,0,0,0,0,,"1 plant only, too small for SPAD",91.45833334,0,4.928925429,1,7.322603124,10.41666667,0
479,479-D-mono-1-C,D,5,mono,1,C,CS76854,,,,,,,,,,,,,,,,,,,,MostGerm,18,3.96,29.3,0.11,NA,0.066,1,0,0,0,0,0,1,1,75,75,75,75,,,52.5,0,7.538771008,1,7.322603124,-15,0
480,480-D-mono-1-S,D,5,mono,1,S,CS76770,,,,,,,,,,,,,,,,,,,,MostGerm,19,4.01,32.4,0.15,NA,0.1958,6,0,0,0,0,0,1,1,1,50,50,50,,,66.125,0,5.256160687,1,7.322603124,-11.75,0
